2026-08-15 17:31:41,106 | INFO | PIPELINE_START
2026-08-15 17:31:41,202 | INFO | EXTRACT | rows=4000 | source_sha256=26e87762f0c481e1fef90f5a2fb8db7bb28987e25e9b54c749763dfa919d5069
2026-08-15 17:31:41,248 | WARNING | QUARANTINE | record_id=1 | reason=negative vehicle_count
2026-08-15 17:31:41,322 | WARNING | QUARANTINE | record_id=46 | reason=negative vehicle_count
2026-08-15 17:31:41,327 | WARNING | QUARANTINE | record_id=50 | reason=negative vehicle_count
2026-08-15 17:31:41,336 | WARNING | QUARANTINE | record_id=58 | reason=NULL or blank camera_node_id
2026-08-15 17:31:41,346 | WARNING | QUARANTINE | record_id=67 | reason=NULL or blank camera_node_id
2026-08-15 17:31:41,349 | WARNING | QUARANTINE | record_id=70 | reason=NULL or blank camera_node_id
2026-08-15 17:31:41,361 | WARNING | QUARANTINE | record_id=77 | reason=negative vehicle_count
2026-08-15 17:31:41,367 | WARNING | QUARANTINE | record_id=81 | reason=NULL or blank camera_node_id
2026-08-15 17:31:41,382 | WARNING | QUARANTINE | record_id=93 | reason=negative vehicle_count
2026-08-15 17:31:41,408 | WARNING | QUARANTINE | record_id=113 | reason=NULL or blank camera_node_id
2026-08-15 17:31:41,437 | WARNING | QUARANTINE | record_id=133 | reason=negative vehicle_count
2026-08-15 17:31:41,452 | WARNING | QUARANTINE | record_id=145 | reason=NULL or blank camera_node_id
2026-08-15 17:31:41,455 | WARNING | QUARANTINE | record_id=151 | reason=extreme vehicle_count outlier (>= 5000)
2026-08-15 17:31:41,463 | WARNING | QUARANTINE | record_id=162 | reason=NULL or blank camera_node_id
2026-08-15 17:31:41,485 | WARNING | QUARANTINE | record_id=180 | reason=negative vehicle_count
2026-08-15 17:31:41,496 | WARNING | QUARANTINE | record_id=189 | reason=NULL or blank camera_node_id
2026-08-15 17:31:41,496 | WARNING | QUARANTINE | record_id=190 | reason=extreme vehicle_count outlier (>= 5000)
2026-08-15 17:31:41,503 | WARNING | QUARANTINE | record_id=195 | reason=negative vehicle_count
2026-08-15 17:31:41,526 | WARNING | QUARANTINE | record_id=211 | reason=negative vehicle_count
2026-08-15 17:31:41,539 | WARNING | QUARANTINE | record_id=219 | reason=extreme vehicle_count outlier (>= 5000)
2026-08-15 17:31:41,540 | WARNING | QUARANTINE | record_id=220 | reason=NULL or blank camera_node_id
2026-08-15 17:31:41,569 | WARNING | QUARANTINE | record_id=239 | reason=negative vehicle_count
2026-08-15 17:31:41,574 | WARNING | QUARANTINE | record_id=243 | reason=NULL or blank camera_node_id
2026-08-15 17:31:41,610 | WARNING | QUARANTINE | record_id=264 | reason=NULL or blank camera_node_id
2026-08-15 17:31:41,614 | WARNING | QUARANTINE | record_id=267 | reason=NULL or blank camera_node_id
2026-08-15 17:31:41,639 | WARNING | QUARANTINE | record_id=284 | reason=extreme vehicle_count outlier (>= 5000)
2026-08-15 17:31:41,667 | WARNING | QUARANTINE | record_id=302 | reason=NULL or blank camera_node_id
2026-08-15 17:31:41,667 | WARNING | QUARANTINE | record_id=303 | reason=extreme vehicle_count outlier (>= 5000)
2026-08-15 17:31:41,679 | WARNING | QUARANTINE | record_id=312 | reason=negative vehicle_count
2026-08-15 17:31:41,692 | WARNING | QUARANTINE | record_id=321 | reason=NULL or blank camera_node_id
2026-08-15 17:31:41,728 | WARNING | QUARANTINE | record_id=344 | reason=NULL or blank camera_node_id
2026-08-15 17:31:41,740 | WARNING | QUARANTINE | record_id=350 | reason=negative vehicle_count
2026-08-15 17:31:41,744 | WARNING | QUARANTINE | record_id=353 | reason=extreme vehicle_count outlier (>= 5000)
2026-08-15 17:31:41,750 | WARNING | QUARANTINE | record_id=356 | reason=NULL or blank camera_node_id
2026-08-15 17:31:41,773 | WARNING | QUARANTINE | record_id=373 | reason=negative vehicle_count
2026-08-15 17:31:41,777 | WARNING | QUARANTINE | record_id=376 | reason=extreme vehicle_count outlier (>= 5000)
2026-08-15 17:31:41,828 | WARNING | QUARANTINE | record_id=410 | reason=NULL or blank camera_node_id
2026-08-15 17:31:41,851 | WARNING | QUARANTINE | record_id=427 | reason=negative vehicle_count
2026-08-15 17:31:41,856 | WARNING | QUARANTINE | record_id=431 | reason=negative vehicle_count
2026-08-15 17:31:41,858 | WARNING | QUARANTINE | record_id=433 | reason=extreme vehicle_count outlier (>= 5000)
2026-08-15 17:31:41,875 | WARNING | QUARANTINE | record_id=445 | reason=negative vehicle_count
2026-08-15 17:31:41,876 | WARNING | QUARANTINE | record_id=446 | reason=negative vehicle_count
2026-08-15 17:31:41,890 | WARNING | QUARANTINE | record_id=458 | reason=NULL or blank camera_node_id
2026-08-15 17:31:41,908 | WARNING | QUARANTINE | record_id=472 | reason=extreme vehicle_count outlier (>= 5000)
2026-08-15 17:31:41,945 | WARNING | QUARANTINE | record_id=481 | reason=extreme vehicle_count outlier (>= 5000)
2026-08-15 17:31:41,967 | WARNING | QUARANTINE | record_id=500 | reason=NULL or blank camera_node_id
2026-08-15 17:31:41,993 | WARNING | QUARANTINE | record_id=526 | reason=NULL or blank camera_node_id
2026-08-15 17:31:41,993 | WARNING | QUARANTINE | record_id=527 | reason=NULL or blank camera_node_id
2026-08-15 17:31:41,999 | WARNING | QUARANTINE | record_id=532 | reason=extreme vehicle_count outlier (>= 5000)
2026-08-15 17:31:42,023 | WARNING | QUARANTINE | record_id=548 | reason=NULL or blank camera_node_id
2026-08-15 17:31:42,037 | WARNING | QUARANTINE | record_id=558 | reason=negative vehicle_count
2026-08-15 17:31:42,098 | WARNING | QUARANTINE | record_id=601 | reason=NULL or blank camera_node_id
2026-08-15 17:31:42,110 | WARNING | QUARANTINE | record_id=611 | reason=NULL or blank camera_node_id
2026-08-15 17:31:42,123 | WARNING | QUARANTINE | record_id=621 | reason=NULL or blank camera_node_id
2026-08-15 17:31:42,168 | WARNING | QUARANTINE | record_id=652 | reason=NULL or blank camera_node_id
2026-08-15 17:31:42,184 | WARNING | QUARANTINE | record_id=664 | reason=NULL or blank camera_node_id
2026-08-15 17:31:42,210 | WARNING | QUARANTINE | record_id=680 | reason=NULL or blank camera_node_id
2026-08-15 17:31:42,215 | WARNING | QUARANTINE | record_id=686 | reason=NULL or blank camera_node_id
2026-08-15 17:31:42,219 | WARNING | QUARANTINE | record_id=690 | reason=negative vehicle_count
2026-08-15 17:31:42,225 | WARNING | QUARANTINE | record_id=694 | reason=extreme vehicle_count outlier (>= 5000)
2026-08-15 17:31:42,225 | WARNING | QUARANTINE | record_id=695 | reason=NULL or blank camera_node_id
2026-08-15 17:31:42,249 | WARNING | QUARANTINE | record_id=712 | reason=negative vehicle_count
2026-08-15 17:31:42,258 | WARNING | QUARANTINE | record_id=720 | reason=NULL or blank camera_node_id
2026-08-15 17:31:42,282 | WARNING | QUARANTINE | record_id=740 | reason=NULL or blank camera_node_id
2026-08-15 17:31:42,320 | WARNING | QUARANTINE | record_id=769 | reason=extreme vehicle_count outlier (>= 5000)
2026-08-15 17:31:42,327 | WARNING | QUARANTINE | record_id=774 | reason=negative vehicle_count
2026-08-15 17:31:42,339 | WARNING | QUARANTINE | record_id=782 | reason=NULL or blank camera_node_id
2026-08-15 17:31:42,369 | WARNING | QUARANTINE | record_id=806 | reason=NULL or blank camera_node_id
2026-08-15 17:31:42,379 | WARNING | QUARANTINE | record_id=814 | reason=negative vehicle_count
2026-08-15 17:31:42,392 | WARNING | QUARANTINE | record_id=824 | reason=negative vehicle_count
2026-08-15 17:31:42,400 | WARNING | QUARANTINE | record_id=830 | reason=NULL or blank camera_node_id
2026-08-15 17:31:42,412 | WARNING | QUARANTINE | record_id=841 | reason=NULL or blank camera_node_id
2026-08-15 17:31:42,416 | WARNING | QUARANTINE | record_id=845 | reason=NULL or blank camera_node_id
2026-08-15 17:31:42,432 | WARNING | QUARANTINE | record_id=858 | reason=negative vehicle_count
2026-08-15 17:31:42,435 | WARNING | QUARANTINE | record_id=861 | reason=NULL or blank camera_node_id
2026-08-15 17:31:42,441 | WARNING | QUARANTINE | record_id=866 | reason=NULL or blank camera_node_id
2026-08-15 17:31:42,442 | WARNING | QUARANTINE | record_id=867 | reason=NULL or blank camera_node_id
2026-08-15 17:31:42,447 | WARNING | QUARANTINE | record_id=872 | reason=NULL or blank camera_node_id
2026-08-15 17:31:42,450 | WARNING | QUARANTINE | record_id=874 | reason=negative vehicle_count
2026-08-15 17:31:42,492 | WARNING | QUARANTINE | record_id=903 | reason=NULL or blank camera_node_id
2026-08-15 17:31:42,492 | WARNING | QUARANTINE | record_id=904 | reason=NULL or blank camera_node_id
2026-08-15 17:31:42,507 | WARNING | QUARANTINE | record_id=920 | reason=NULL or blank camera_node_id
2026-08-15 17:31:42,508 | WARNING | QUARANTINE | record_id=921 | reason=NULL or blank camera_node_id
2026-08-15 17:31:42,526 | WARNING | QUARANTINE | record_id=937 | reason=negative vehicle_count
2026-08-15 17:31:42,549 | WARNING | QUARANTINE | record_id=953 | reason=negative vehicle_count
2026-08-15 17:31:42,563 | WARNING | QUARANTINE | record_id=963 | reason=extreme vehicle_count outlier (>= 5000)
2026-08-15 17:31:42,564 | WARNING | QUARANTINE | record_id=965 | reason=NULL or blank camera_node_id
2026-08-15 17:31:42,581 | WARNING | QUARANTINE | record_id=981 | reason=extreme vehicle_count outlier (>= 5000)
2026-08-15 17:31:42,619 | WARNING | QUARANTINE | record_id=1011 | reason=negative vehicle_count
2026-08-15 17:31:42,622 | WARNING | QUARANTINE | record_id=1014 | reason=extreme vehicle_count outlier (>= 5000)
2026-08-15 17:31:42,644 | WARNING | QUARANTINE | record_id=1031 | reason=negative vehicle_count
2026-08-15 17:31:42,657 | WARNING | QUARANTINE | record_id=1042 | reason=negative vehicle_count
2026-08-15 17:31:42,667 | WARNING | QUARANTINE | record_id=1050 | reason=negative vehicle_count
2026-08-15 17:31:42,678 | WARNING | QUARANTINE | record_id=1059 | reason=extreme vehicle_count outlier (>= 5000)
2026-08-15 17:31:42,685 | WARNING | QUARANTINE | record_id=1065 | reason=negative vehicle_count
2026-08-15 17:31:42,694 | WARNING | QUARANTINE | record_id=1071 | reason=extreme vehicle_count outlier (>= 5000)
2026-08-15 17:31:42,711 | WARNING | QUARANTINE | record_id=1082 | reason=NULL or blank camera_node_id
2026-08-15 17:31:42,712 | WARNING | QUARANTINE | record_id=1084 | reason=negative vehicle_count
2026-08-15 17:31:42,714 | WARNING | QUARANTINE | record_id=1086 | reason=NULL or blank camera_node_id
2026-08-15 17:31:42,714 | WARNING | QUARANTINE | record_id=1087 | reason=NULL or blank camera_node_id
2026-08-15 17:31:42,738 | WARNING | QUARANTINE | record_id=1103 | reason=negative vehicle_count
2026-08-15 17:31:42,761 | WARNING | QUARANTINE | record_id=1118 | reason=NULL or blank camera_node_id
2026-08-15 17:31:42,766 | WARNING | QUARANTINE | record_id=1122 | reason=NULL or blank camera_node_id
2026-08-15 17:31:42,798 | WARNING | QUARANTINE | record_id=1141 | reason=negative vehicle_count
2026-08-15 17:31:42,804 | WARNING | QUARANTINE | record_id=1146 | reason=NULL or blank camera_node_id
2026-08-15 17:31:42,813 | WARNING | QUARANTINE | record_id=1152 | reason=NULL or blank camera_node_id
2026-08-15 17:31:42,819 | WARNING | QUARANTINE | record_id=1156 | reason=NULL or blank camera_node_id
2026-08-15 17:31:42,820 | WARNING | QUARANTINE | record_id=1158 | reason=extreme vehicle_count outlier (>= 5000)
2026-08-15 17:31:42,830 | WARNING | QUARANTINE | record_id=1165 | reason=extreme vehicle_count outlier (>= 5000)
2026-08-15 17:31:42,835 | WARNING | QUARANTINE | record_id=1169 | reason=extreme vehicle_count outlier (>= 5000)
2026-08-15 17:31:42,835 | WARNING | QUARANTINE | record_id=1170 | reason=NULL or blank camera_node_id
2026-08-15 17:31:42,836 | WARNING | QUARANTINE | record_id=1171 | reason=negative vehicle_count
2026-08-15 17:31:42,836 | WARNING | QUARANTINE | record_id=1172 | reason=negative vehicle_count
2026-08-15 17:31:42,843 | WARNING | QUARANTINE | record_id=1177 | reason=negative vehicle_count
2026-08-15 17:31:42,855 | WARNING | QUARANTINE | record_id=1185 | reason=NULL or blank camera_node_id
2026-08-15 17:31:42,862 | WARNING | QUARANTINE | record_id=1191 | reason=extreme vehicle_count outlier (>= 5000)
2026-08-15 17:31:42,864 | WARNING | QUARANTINE | record_id=1193 | reason=NULL or blank camera_node_id
2026-08-15 17:31:42,882 | WARNING | QUARANTINE | record_id=1207 | reason=negative vehicle_count
2026-08-15 17:31:42,907 | WARNING | QUARANTINE | record_id=1227 | reason=negative vehicle_count
2026-08-15 17:31:42,909 | WARNING | QUARANTINE | record_id=1229 | reason=NULL or blank camera_node_id
2026-08-15 17:31:42,927 | WARNING | QUARANTINE | record_id=1243 | reason=extreme vehicle_count outlier (>= 5000)
2026-08-15 17:31:42,942 | WARNING | QUARANTINE | record_id=1254 | reason=extreme vehicle_count outlier (>= 5000)
2026-08-15 17:31:42,961 | WARNING | QUARANTINE | record_id=1267 | reason=negative vehicle_count
2026-08-15 17:31:42,982 | WARNING | QUARANTINE | record_id=1284 | reason=negative vehicle_count
2026-08-15 17:31:42,987 | WARNING | QUARANTINE | record_id=1289 | reason=extreme vehicle_count outlier (>= 5000)
2026-08-15 17:31:42,989 | WARNING | QUARANTINE | record_id=1291 | reason=extreme vehicle_count outlier (>= 5000)
2026-08-15 17:31:42,998 | WARNING | QUARANTINE | record_id=1299 | reason=NULL or blank camera_node_id
2026-08-15 17:31:43,001 | WARNING | QUARANTINE | record_id=1302 | reason=NULL or blank camera_node_id
2026-08-15 17:31:43,004 | WARNING | QUARANTINE | record_id=1305 | reason=extreme vehicle_count outlier (>= 5000)
2026-08-15 17:31:43,025 | WARNING | QUARANTINE | record_id=1321 | reason=NULL or blank camera_node_id
2026-08-15 17:31:43,026 | WARNING | QUARANTINE | record_id=1322 | reason=extreme vehicle_count outlier (>= 5000)
2026-08-15 17:31:43,048 | WARNING | QUARANTINE | record_id=1340 | reason=NULL or blank camera_node_id
2026-08-15 17:31:43,051 | WARNING | QUARANTINE | record_id=1343 | reason=extreme vehicle_count outlier (>= 5000)
2026-08-15 17:31:43,054 | WARNING | QUARANTINE | record_id=1346 | reason=NULL or blank camera_node_id
2026-08-15 17:31:43,056 | WARNING | QUARANTINE | record_id=1348 | reason=extreme vehicle_count outlier (>= 5000)
2026-08-15 17:31:43,084 | WARNING | QUARANTINE | record_id=1367 | reason=negative vehicle_count
2026-08-15 17:31:43,087 | WARNING | QUARANTINE | record_id=1370 | reason=NULL or blank camera_node_id
2026-08-15 17:31:43,088 | WARNING | QUARANTINE | record_id=1373 | reason=NULL or blank camera_node_id
2026-08-15 17:31:43,092 | WARNING | QUARANTINE | record_id=1378 | reason=NULL or blank camera_node_id
2026-08-15 17:31:43,105 | WARNING | QUARANTINE | record_id=1389 | reason=NULL or blank camera_node_id
2026-08-15 17:31:43,108 | WARNING | QUARANTINE | record_id=1393 | reason=NULL or blank camera_node_id
2026-08-15 17:31:43,119 | WARNING | QUARANTINE | record_id=1403 | reason=negative vehicle_count
2026-08-15 17:31:43,129 | WARNING | QUARANTINE | record_id=1411 | reason=negative vehicle_count
2026-08-15 17:31:43,132 | WARNING | QUARANTINE | record_id=1414 | reason=negative vehicle_count
2026-08-15 17:31:43,150 | WARNING | QUARANTINE | record_id=1426 | reason=NULL or blank camera_node_id
2026-08-15 17:31:43,150 | WARNING | QUARANTINE | record_id=1428 | reason=NULL or blank camera_node_id
2026-08-15 17:31:43,161 | WARNING | QUARANTINE | record_id=1437 | reason=negative vehicle_count
2026-08-15 17:31:43,182 | WARNING | QUARANTINE | record_id=1450 | reason=NULL or blank camera_node_id
2026-08-15 17:31:43,198 | WARNING | QUARANTINE | record_id=1464 | reason=extreme vehicle_count outlier (>= 5000)
2026-08-15 17:31:43,204 | WARNING | QUARANTINE | record_id=1470 | reason=negative vehicle_count
2026-08-15 17:31:43,208 | WARNING | QUARANTINE | record_id=1474 | reason=NULL or blank camera_node_id
2026-08-15 17:31:43,237 | WARNING | QUARANTINE | record_id=1496 | reason=negative vehicle_count
2026-08-15 17:31:43,270 | WARNING | QUARANTINE | record_id=1519 | reason=NULL or blank camera_node_id
2026-08-15 17:31:43,271 | WARNING | QUARANTINE | record_id=1521 | reason=NULL or blank camera_node_id
2026-08-15 17:31:43,297 | WARNING | QUARANTINE | record_id=1540 | reason=extreme vehicle_count outlier (>= 5000)
2026-08-15 17:31:43,315 | WARNING | QUARANTINE | record_id=1553 | reason=extreme vehicle_count outlier (>= 5000)
2026-08-15 17:31:43,324 | WARNING | QUARANTINE | record_id=1561 | reason=NULL or blank camera_node_id
2026-08-15 17:31:43,342 | WARNING | QUARANTINE | record_id=1574 | reason=extreme vehicle_count outlier (>= 5000)
2026-08-15 17:31:43,381 | WARNING | QUARANTINE | record_id=1600 | reason=negative vehicle_count
2026-08-15 17:31:43,389 | WARNING | QUARANTINE | record_id=1606 | reason=NULL or blank camera_node_id
2026-08-15 17:31:43,435 | WARNING | QUARANTINE | record_id=1640 | reason=extreme vehicle_count outlier (>= 5000)
2026-08-15 17:31:43,448 | WARNING | QUARANTINE | record_id=1649 | reason=negative vehicle_count
2026-08-15 17:31:43,464 | WARNING | QUARANTINE | record_id=1661 | reason=extreme vehicle_count outlier (>= 5000)
2026-08-15 17:31:43,474 | WARNING | QUARANTINE | record_id=1669 | reason=NULL or blank camera_node_id
2026-08-15 17:31:43,485 | WARNING | QUARANTINE | record_id=1677 | reason=NULL or blank camera_node_id
2026-08-15 17:31:43,491 | WARNING | QUARANTINE | record_id=1685 | reason=NULL or blank camera_node_id
2026-08-15 17:31:43,502 | WARNING | QUARANTINE | record_id=1695 | reason=extreme vehicle_count outlier (>= 5000)
2026-08-15 17:31:43,505 | WARNING | QUARANTINE | record_id=1698 | reason=negative vehicle_count
2026-08-15 17:31:43,519 | WARNING | QUARANTINE | record_id=1713 | reason=negative vehicle_count
2026-08-15 17:31:43,530 | WARNING | QUARANTINE | record_id=1722 | reason=extreme vehicle_count outlier (>= 5000)
2026-08-15 17:31:43,557 | WARNING | QUARANTINE | record_id=1744 | reason=NULL or blank camera_node_id
2026-08-15 17:31:43,573 | WARNING | QUARANTINE | record_id=1757 | reason=NULL or blank camera_node_id
2026-08-15 17:31:43,583 | WARNING | QUARANTINE | record_id=1763 | reason=negative vehicle_count
2026-08-15 17:31:43,642 | WARNING | QUARANTINE | record_id=1805 | reason=NULL or blank camera_node_id
2026-08-15 17:31:43,652 | WARNING | QUARANTINE | record_id=1812 | reason=NULL or blank camera_node_id
2026-08-15 17:31:43,656 | WARNING | QUARANTINE | record_id=1815 | reason=extreme vehicle_count outlier (>= 5000)
2026-08-15 17:31:43,660 | WARNING | QUARANTINE | record_id=1818 | reason=extreme vehicle_count outlier (>= 5000)
2026-08-15 17:31:43,676 | WARNING | QUARANTINE | record_id=1830 | reason=NULL or blank camera_node_id
2026-08-15 17:31:43,696 | WARNING | QUARANTINE | record_id=1845 | reason=NULL or blank camera_node_id
2026-08-15 17:31:43,730 | WARNING | QUARANTINE | record_id=1862 | reason=NULL or blank camera_node_id
2026-08-15 17:31:43,742 | WARNING | QUARANTINE | record_id=1867 | reason=negative vehicle_count
2026-08-15 17:31:43,759 | WARNING | QUARANTINE | record_id=1875 | reason=negative vehicle_count
2026-08-15 17:31:43,760 | WARNING | QUARANTINE | record_id=1876 | reason=extreme vehicle_count outlier (>= 5000)
2026-08-15 17:31:43,769 | WARNING | QUARANTINE | record_id=1882 | reason=negative vehicle_count
2026-08-15 17:31:43,785 | WARNING | QUARANTINE | record_id=1890 | reason=NULL or blank camera_node_id
2026-08-15 17:31:43,788 | WARNING | QUARANTINE | record_id=1893 | reason=NULL or blank camera_node_id
2026-08-15 17:31:43,814 | WARNING | QUARANTINE | record_id=1906 | reason=NULL or blank camera_node_id
2026-08-15 17:31:43,822 | WARNING | QUARANTINE | record_id=1910 | reason=extreme vehicle_count outlier (>= 5000)
2026-08-15 17:31:43,930 | WARNING | QUARANTINE | record_id=1959 | reason=NULL or blank camera_node_id
2026-08-15 17:31:43,942 | WARNING | QUARANTINE | record_id=1970 | reason=extreme vehicle_count outlier (>= 5000)
2026-08-15 17:31:43,944 | WARNING | QUARANTINE | record_id=1973 | reason=extreme vehicle_count outlier (>= 5000)
2026-08-15 17:31:43,948 | WARNING | QUARANTINE | record_id=1978 | reason=NULL or blank camera_node_id
2026-08-15 17:31:43,959 | WARNING | QUARANTINE | record_id=1989 | reason=negative vehicle_count
2026-08-15 17:31:43,962 | WARNING | QUARANTINE | record_id=1992 | reason=NULL or blank camera_node_id
2026-08-15 17:31:43,968 | WARNING | QUARANTINE | record_id=1999 | reason=NULL or blank camera_node_id
2026-08-15 17:31:43,982 | WARNING | QUARANTINE | record_id=2012 | reason=negative vehicle_count
2026-08-15 17:31:44,004 | WARNING | QUARANTINE | record_id=2030 | reason=NULL or blank camera_node_id
2026-08-15 17:31:44,004 | WARNING | QUARANTINE | record_id=2031 | reason=NULL or blank camera_node_id
2026-08-15 17:31:44,005 | WARNING | QUARANTINE | record_id=2033 | reason=NULL or blank camera_node_id
2026-08-15 17:31:44,020 | WARNING | QUARANTINE | record_id=2050 | reason=NULL or blank camera_node_id
2026-08-15 17:31:44,026 | WARNING | QUARANTINE | record_id=2057 | reason=NULL or blank camera_node_id
2026-08-15 17:31:44,028 | WARNING | QUARANTINE | record_id=2059 | reason=NULL or blank camera_node_id
2026-08-15 17:31:44,043 | WARNING | QUARANTINE | record_id=2074 | reason=extreme vehicle_count outlier (>= 5000)
2026-08-15 17:31:44,048 | WARNING | QUARANTINE | record_id=2079 | reason=NULL or blank camera_node_id
2026-08-15 17:31:44,076 | WARNING | QUARANTINE | record_id=2107 | reason=negative vehicle_count
2026-08-15 17:31:44,081 | WARNING | QUARANTINE | record_id=2113 | reason=NULL or blank camera_node_id
2026-08-15 17:31:44,088 | WARNING | QUARANTINE | record_id=2121 | reason=NULL or blank camera_node_id
2026-08-15 17:31:44,109 | WARNING | QUARANTINE | record_id=2140 | reason=NULL or blank camera_node_id
2026-08-15 17:31:44,112 | WARNING | QUARANTINE | record_id=2144 | reason=negative vehicle_count
2026-08-15 17:31:44,117 | WARNING | QUARANTINE | record_id=2149 | reason=extreme vehicle_count outlier (>= 5000)
2026-08-15 17:31:44,125 | WARNING | QUARANTINE | record_id=2158 | reason=negative vehicle_count
2026-08-15 17:31:44,128 | WARNING | QUARANTINE | record_id=2162 | reason=NULL or blank camera_node_id
2026-08-15 17:31:44,154 | WARNING | QUARANTINE | record_id=2186 | reason=extreme vehicle_count outlier (>= 5000)
2026-08-15 17:31:44,154 | WARNING | QUARANTINE | record_id=2187 | reason=extreme vehicle_count outlier (>= 5000)
2026-08-15 17:31:44,155 | WARNING | QUARANTINE | record_id=2190 | reason=negative vehicle_count
2026-08-15 17:31:44,195 | WARNING | QUARANTINE | record_id=2227 | reason=negative vehicle_count
2026-08-15 17:31:44,204 | WARNING | QUARANTINE | record_id=2236 | reason=negative vehicle_count
2026-08-15 17:31:44,239 | WARNING | QUARANTINE | record_id=2265 | reason=negative vehicle_count
2026-08-15 17:31:44,276 | WARNING | QUARANTINE | record_id=2292 | reason=NULL or blank camera_node_id
2026-08-15 17:31:44,298 | WARNING | QUARANTINE | record_id=2310 | reason=NULL or blank camera_node_id
2026-08-15 17:31:44,305 | WARNING | QUARANTINE | record_id=2316 | reason=NULL or blank camera_node_id
2026-08-15 17:31:44,313 | WARNING | QUARANTINE | record_id=2324 | reason=NULL or blank camera_node_id
2026-08-15 17:31:44,338 | WARNING | QUARANTINE | record_id=2342 | reason=NULL or blank camera_node_id
2026-08-15 17:31:44,352 | WARNING | QUARANTINE | record_id=2351 | reason=extreme vehicle_count outlier (>= 5000)
2026-08-15 17:31:44,376 | WARNING | QUARANTINE | record_id=2366 | reason=negative vehicle_count
2026-08-15 17:31:44,383 | WARNING | QUARANTINE | record_id=2372 | reason=NULL or blank camera_node_id
2026-08-15 17:31:44,386 | WARNING | QUARANTINE | record_id=2375 | reason=negative vehicle_count
2026-08-15 17:31:44,399 | WARNING | QUARANTINE | record_id=2383 | reason=NULL or blank camera_node_id
2026-08-15 17:31:44,406 | WARNING | QUARANTINE | record_id=2388 | reason=negative vehicle_count
2026-08-15 17:31:44,430 | WARNING | QUARANTINE | record_id=2407 | reason=negative vehicle_count
2026-08-15 17:31:44,433 | WARNING | QUARANTINE | record_id=2410 | reason=extreme vehicle_count outlier (>= 5000)
2026-08-15 17:31:44,445 | WARNING | QUARANTINE | record_id=2419 | reason=NULL or blank camera_node_id
2026-08-15 17:31:44,457 | WARNING | QUARANTINE | record_id=2428 | reason=negative vehicle_count
2026-08-15 17:31:44,475 | WARNING | QUARANTINE | record_id=2441 | reason=NULL or blank camera_node_id
2026-08-15 17:31:44,483 | WARNING | QUARANTINE | record_id=2448 | reason=NULL or blank camera_node_id
2026-08-15 17:31:44,487 | WARNING | QUARANTINE | record_id=2452 | reason=NULL or blank camera_node_id
2026-08-15 17:31:44,493 | WARNING | QUARANTINE | record_id=2457 | reason=NULL or blank camera_node_id
2026-08-15 17:31:44,504 | WARNING | QUARANTINE | record_id=2467 | reason=extreme vehicle_count outlier (>= 5000)
2026-08-15 17:31:44,578 | WARNING | QUARANTINE | record_id=2524 | reason=negative vehicle_count
2026-08-15 17:31:44,579 | WARNING | QUARANTINE | record_id=2525 | reason=extreme vehicle_count outlier (>= 5000)
2026-08-15 17:31:44,591 | WARNING | QUARANTINE | record_id=2538 | reason=extreme vehicle_count outlier (>= 5000)
2026-08-15 17:31:44,626 | WARNING | QUARANTINE | record_id=2564 | reason=NULL or blank camera_node_id
2026-08-15 17:31:44,629 | WARNING | QUARANTINE | record_id=2567 | reason=NULL or blank camera_node_id
2026-08-15 17:31:44,635 | WARNING | QUARANTINE | record_id=2573 | reason=NULL or blank camera_node_id
2026-08-15 17:31:44,645 | WARNING | QUARANTINE | record_id=2581 | reason=NULL or blank camera_node_id
2026-08-15 17:31:44,652 | WARNING | QUARANTINE | record_id=2587 | reason=NULL or blank camera_node_id
2026-08-15 17:31:44,656 | WARNING | QUARANTINE | record_id=2590 | reason=NULL or blank camera_node_id
2026-08-15 17:31:44,666 | WARNING | QUARANTINE | record_id=2596 | reason=extreme vehicle_count outlier (>= 5000)
2026-08-15 17:31:44,669 | WARNING | QUARANTINE | record_id=2601 | reason=negative vehicle_count
2026-08-15 17:31:44,671 | WARNING | QUARANTINE | record_id=2603 | reason=extreme vehicle_count outlier (>= 5000)
2026-08-15 17:31:44,676 | WARNING | QUARANTINE | record_id=2607 | reason=negative vehicle_count
2026-08-15 17:31:44,678 | WARNING | QUARANTINE | record_id=2609 | reason=NULL or blank camera_node_id
2026-08-15 17:31:44,720 | WARNING | QUARANTINE | record_id=2636 | reason=NULL or blank camera_node_id
2026-08-15 17:31:44,730 | WARNING | QUARANTINE | record_id=2644 | reason=NULL or blank camera_node_id
2026-08-15 17:31:44,751 | WARNING | QUARANTINE | record_id=2659 | reason=extreme vehicle_count outlier (>= 5000)
2026-08-15 17:31:44,755 | WARNING | QUARANTINE | record_id=2663 | reason=negative vehicle_count
2026-08-15 17:31:44,758 | WARNING | QUARANTINE | record_id=2667 | reason=negative vehicle_count
2026-08-15 17:31:44,758 | WARNING | QUARANTINE | record_id=2668 | reason=extreme vehicle_count outlier (>= 5000)
2026-08-15 17:31:44,761 | WARNING | QUARANTINE | record_id=2672 | reason=extreme vehicle_count outlier (>= 5000)
2026-08-15 17:31:44,768 | WARNING | QUARANTINE | record_id=2678 | reason=negative vehicle_count
2026-08-15 17:31:44,770 | WARNING | QUARANTINE | record_id=2680 | reason=NULL or blank camera_node_id
2026-08-15 17:31:44,826 | WARNING | QUARANTINE | record_id=2716 | reason=negative vehicle_count
2026-08-15 17:31:44,829 | WARNING | QUARANTINE | record_id=2719 | reason=NULL or blank camera_node_id
2026-08-15 17:31:44,829 | WARNING | QUARANTINE | record_id=2720 | reason=NULL or blank camera_node_id
2026-08-15 17:31:44,833 | WARNING | QUARANTINE | record_id=2725 | reason=NULL or blank camera_node_id
2026-08-15 17:31:44,845 | WARNING | QUARANTINE | record_id=2733 | reason=negative vehicle_count
2026-08-15 17:31:44,845 | WARNING | QUARANTINE | record_id=2734 | reason=negative vehicle_count
2026-08-15 17:31:44,848 | WARNING | QUARANTINE | record_id=2737 | reason=NULL or blank camera_node_id
2026-08-15 17:31:44,867 | WARNING | QUARANTINE | record_id=2752 | reason=NULL or blank camera_node_id
2026-08-15 17:31:44,887 | WARNING | QUARANTINE | record_id=2767 | reason=NULL or blank camera_node_id
2026-08-15 17:31:44,888 | WARNING | QUARANTINE | record_id=2769 | reason=extreme vehicle_count outlier (>= 5000)
2026-08-15 17:31:44,894 | WARNING | QUARANTINE | record_id=2773 | reason=negative vehicle_count
2026-08-15 17:31:44,901 | WARNING | QUARANTINE | record_id=2778 | reason=negative vehicle_count
2026-08-15 17:31:44,903 | WARNING | QUARANTINE | record_id=2780 | reason=negative vehicle_count
2026-08-15 17:31:44,927 | WARNING | QUARANTINE | record_id=2798 | reason=negative vehicle_count
2026-08-15 17:31:44,937 | WARNING | QUARANTINE | record_id=2804 | reason=negative vehicle_count
2026-08-15 17:31:44,937 | WARNING | QUARANTINE | record_id=2805 | reason=negative vehicle_count
2026-08-15 17:31:44,937 | WARNING | QUARANTINE | record_id=2806 | reason=NULL or blank camera_node_id
2026-08-15 17:31:44,954 | WARNING | QUARANTINE | record_id=2817 | reason=NULL or blank camera_node_id
2026-08-15 17:31:44,954 | WARNING | QUARANTINE | record_id=2818 | reason=extreme vehicle_count outlier (>= 5000)
2026-08-15 17:31:44,997 | WARNING | QUARANTINE | record_id=2847 | reason=NULL or blank camera_node_id
2026-08-15 17:31:45,002 | WARNING | QUARANTINE | record_id=2852 | reason=NULL or blank camera_node_id
2026-08-15 17:31:45,002 | WARNING | QUARANTINE | record_id=2853 | reason=negative vehicle_count
2026-08-15 17:31:45,023 | WARNING | QUARANTINE | record_id=2866 | reason=negative vehicle_count
2026-08-15 17:31:45,034 | WARNING | QUARANTINE | record_id=2873 | reason=NULL or blank camera_node_id
2026-08-15 17:31:45,054 | WARNING | QUARANTINE | record_id=2886 | reason=negative vehicle_count
2026-08-15 17:31:45,077 | WARNING | QUARANTINE | record_id=2900 | reason=negative vehicle_count
2026-08-15 17:31:45,077 | WARNING | QUARANTINE | record_id=2901 | reason=NULL or blank camera_node_id
2026-08-15 17:31:45,079 | WARNING | QUARANTINE | record_id=2903 | reason=extreme vehicle_count outlier (>= 5000)
2026-08-15 17:31:45,081 | WARNING | QUARANTINE | record_id=2906 | reason=negative vehicle_count
2026-08-15 17:31:45,089 | WARNING | QUARANTINE | record_id=2912 | reason=NULL or blank camera_node_id
2026-08-15 17:31:45,101 | WARNING | QUARANTINE | record_id=2920 | reason=negative vehicle_count
2026-08-15 17:31:45,104 | WARNING | QUARANTINE | record_id=2923 | reason=negative vehicle_count
2026-08-15 17:31:45,114 | WARNING | QUARANTINE | record_id=2931 | reason=extreme vehicle_count outlier (>= 5000)
2026-08-15 17:31:45,139 | WARNING | QUARANTINE | record_id=2948 | reason=NULL or blank camera_node_id
2026-08-15 17:31:45,148 | WARNING | QUARANTINE | record_id=2955 | reason=NULL or blank camera_node_id
2026-08-15 17:31:45,175 | WARNING | QUARANTINE | record_id=2975 | reason=NULL or blank camera_node_id
2026-08-15 17:31:45,180 | WARNING | QUARANTINE | record_id=2981 | reason=negative vehicle_count
2026-08-15 17:31:45,193 | WARNING | QUARANTINE | record_id=2991 | reason=NULL or blank camera_node_id
2026-08-15 17:31:45,200 | WARNING | QUARANTINE | record_id=2996 | reason=NULL or blank camera_node_id
2026-08-15 17:31:45,200 | WARNING | QUARANTINE | record_id=2997 | reason=NULL or blank camera_node_id
2026-08-15 17:31:45,235 | WARNING | QUARANTINE | record_id=3019 | reason=negative vehicle_count
2026-08-15 17:31:45,245 | WARNING | QUARANTINE | record_id=3026 | reason=extreme vehicle_count outlier (>= 5000)
2026-08-15 17:31:45,263 | WARNING | QUARANTINE | record_id=3041 | reason=NULL or blank camera_node_id
2026-08-15 17:31:45,297 | WARNING | QUARANTINE | record_id=3067 | reason=extreme vehicle_count outlier (>= 5000)
2026-08-15 17:31:45,300 | WARNING | QUARANTINE | record_id=3069 | reason=NULL or blank camera_node_id
2026-08-15 17:31:45,302 | WARNING | QUARANTINE | record_id=3071 | reason=negative vehicle_count
2026-08-15 17:31:45,380 | WARNING | QUARANTINE | record_id=3121 | reason=NULL or blank camera_node_id
2026-08-15 17:31:45,409 | WARNING | QUARANTINE | record_id=3142 | reason=NULL or blank camera_node_id
2026-08-15 17:31:45,421 | WARNING | QUARANTINE | record_id=3153 | reason=extreme vehicle_count outlier (>= 5000)
2026-08-15 17:31:45,423 | WARNING | QUARANTINE | record_id=3155 | reason=NULL or blank camera_node_id
2026-08-15 17:31:45,435 | WARNING | QUARANTINE | record_id=3163 | reason=NULL or blank camera_node_id
2026-08-15 17:31:45,441 | WARNING | QUARANTINE | record_id=3168 | reason=extreme vehicle_count outlier (>= 5000)
2026-08-15 17:31:45,445 | WARNING | QUARANTINE | record_id=3171 | reason=NULL or blank camera_node_id
2026-08-15 17:31:45,452 | WARNING | QUARANTINE | record_id=3179 | reason=NULL or blank camera_node_id
2026-08-15 17:31:45,498 | WARNING | QUARANTINE | record_id=3214 | reason=NULL or blank camera_node_id
2026-08-15 17:31:45,525 | WARNING | QUARANTINE | record_id=3234 | reason=NULL or blank camera_node_id
2026-08-15 17:31:45,537 | WARNING | QUARANTINE | record_id=3244 | reason=extreme vehicle_count outlier (>= 5000)
2026-08-15 17:31:45,541 | WARNING | QUARANTINE | record_id=3248 | reason=extreme vehicle_count outlier (>= 5000)
2026-08-15 17:31:45,554 | WARNING | QUARANTINE | record_id=3259 | reason=NULL or blank camera_node_id
2026-08-15 17:31:45,557 | WARNING | QUARANTINE | record_id=3261 | reason=negative vehicle_count
2026-08-15 17:31:45,570 | WARNING | QUARANTINE | record_id=3274 | reason=negative vehicle_count
2026-08-15 17:31:45,575 | WARNING | QUARANTINE | record_id=3278 | reason=NULL or blank camera_node_id
2026-08-15 17:31:45,581 | WARNING | QUARANTINE | record_id=3282 | reason=NULL or blank camera_node_id
2026-08-15 17:31:45,583 | WARNING | QUARANTINE | record_id=3286 | reason=NULL or blank camera_node_id
2026-08-15 17:31:45,595 | WARNING | QUARANTINE | record_id=3294 | reason=negative vehicle_count
2026-08-15 17:31:45,607 | WARNING | QUARANTINE | record_id=3303 | reason=extreme vehicle_count outlier (>= 5000)
2026-08-15 17:31:45,611 | WARNING | QUARANTINE | record_id=3307 | reason=extreme vehicle_count outlier (>= 5000)
2026-08-15 17:31:45,611 | WARNING | QUARANTINE | record_id=3308 | reason=negative vehicle_count
2026-08-15 17:31:45,647 | WARNING | QUARANTINE | record_id=3338 | reason=negative vehicle_count
2026-08-15 17:31:45,651 | WARNING | QUARANTINE | record_id=3342 | reason=NULL or blank camera_node_id
2026-08-15 17:31:45,668 | WARNING | QUARANTINE | record_id=3355 | reason=NULL or blank camera_node_id
2026-08-15 17:31:45,675 | WARNING | QUARANTINE | record_id=3360 | reason=extreme vehicle_count outlier (>= 5000)
2026-08-15 17:31:45,685 | WARNING | QUARANTINE | record_id=3368 | reason=NULL or blank camera_node_id
2026-08-15 17:31:45,697 | WARNING | QUARANTINE | record_id=3376 | reason=extreme vehicle_count outlier (>= 5000)
2026-08-15 17:31:45,703 | WARNING | QUARANTINE | record_id=3383 | reason=negative vehicle_count
2026-08-15 17:31:45,732 | WARNING | QUARANTINE | record_id=3403 | reason=NULL or blank camera_node_id
2026-08-15 17:31:45,734 | WARNING | QUARANTINE | record_id=3406 | reason=extreme vehicle_count outlier (>= 5000)
2026-08-15 17:31:45,737 | WARNING | QUARANTINE | record_id=3409 | reason=NULL or blank camera_node_id
2026-08-15 17:31:45,741 | WARNING | QUARANTINE | record_id=3413 | reason=NULL or blank camera_node_id
2026-08-15 17:31:45,744 | WARNING | QUARANTINE | record_id=3416 | reason=NULL or blank camera_node_id
2026-08-15 17:31:45,760 | WARNING | QUARANTINE | record_id=3428 | reason=negative vehicle_count
2026-08-15 17:31:45,765 | WARNING | QUARANTINE | record_id=3434 | reason=NULL or blank camera_node_id
2026-08-15 17:31:45,765 | WARNING | QUARANTINE | record_id=3435 | reason=negative vehicle_count
2026-08-15 17:31:45,780 | WARNING | QUARANTINE | record_id=3448 | reason=extreme vehicle_count outlier (>= 5000)
2026-08-15 17:31:45,781 | WARNING | QUARANTINE | record_id=3450 | reason=negative vehicle_count
2026-08-15 17:31:45,793 | WARNING | QUARANTINE | record_id=3459 | reason=NULL or blank camera_node_id
2026-08-15 17:31:45,800 | WARNING | QUARANTINE | record_id=3465 | reason=NULL or blank camera_node_id
2026-08-15 17:31:45,805 | WARNING | QUARANTINE | record_id=3469 | reason=NULL or blank camera_node_id
2026-08-15 17:31:45,810 | WARNING | QUARANTINE | record_id=3473 | reason=NULL or blank camera_node_id
2026-08-15 17:31:45,819 | WARNING | QUARANTINE | record_id=3480 | reason=NULL or blank camera_node_id
2026-08-15 17:31:45,828 | WARNING | QUARANTINE | record_id=3486 | reason=NULL or blank camera_node_id
2026-08-15 17:31:45,835 | WARNING | QUARANTINE | record_id=3493 | reason=NULL or blank camera_node_id
2026-08-15 17:31:45,839 | WARNING | QUARANTINE | record_id=3496 | reason=negative vehicle_count
2026-08-15 17:31:45,848 | WARNING | QUARANTINE | record_id=3504 | reason=negative vehicle_count
2026-08-15 17:31:45,855 | WARNING | QUARANTINE | record_id=3510 | reason=negative vehicle_count
2026-08-15 17:31:45,914 | WARNING | QUARANTINE | record_id=3548 | reason=NULL or blank camera_node_id
2026-08-15 17:31:45,928 | WARNING | QUARANTINE | record_id=3557 | reason=NULL or blank camera_node_id
2026-08-15 17:31:45,934 | WARNING | QUARANTINE | record_id=3562 | reason=NULL or blank camera_node_id
2026-08-15 17:31:46,002 | WARNING | QUARANTINE | record_id=3607 | reason=NULL or blank camera_node_id
2026-08-15 17:31:46,021 | WARNING | QUARANTINE | record_id=3622 | reason=extreme vehicle_count outlier (>= 5000)
2026-08-15 17:31:46,031 | WARNING | QUARANTINE | record_id=3631 | reason=NULL or blank camera_node_id
2026-08-15 17:31:46,037 | WARNING | QUARANTINE | record_id=3636 | reason=negative vehicle_count
2026-08-15 17:31:46,055 | WARNING | QUARANTINE | record_id=3643 | reason=negative vehicle_count
2026-08-15 17:31:46,081 | WARNING | QUARANTINE | record_id=3650 | reason=NULL or blank camera_node_id
2026-08-15 17:31:46,086 | WARNING | QUARANTINE | record_id=3653 | reason=NULL or blank camera_node_id
2026-08-15 17:31:46,111 | WARNING | QUARANTINE | record_id=3668 | reason=NULL or blank camera_node_id
2026-08-15 17:31:46,125 | WARNING | QUARANTINE | record_id=3677 | reason=NULL or blank camera_node_id
2026-08-15 17:31:46,146 | WARNING | QUARANTINE | record_id=3690 | reason=NULL or blank camera_node_id
2026-08-15 17:31:46,152 | WARNING | QUARANTINE | record_id=3694 | reason=negative vehicle_count
2026-08-15 17:31:46,157 | WARNING | QUARANTINE | record_id=3698 | reason=NULL or blank camera_node_id
2026-08-15 17:31:46,217 | WARNING | QUARANTINE | record_id=3739 | reason=negative vehicle_count
2026-08-15 17:31:46,230 | WARNING | QUARANTINE | record_id=3749 | reason=negative vehicle_count
2026-08-15 17:31:46,235 | WARNING | QUARANTINE | record_id=3754 | reason=extreme vehicle_count outlier (>= 5000)
2026-08-15 17:31:46,250 | WARNING | QUARANTINE | record_id=3766 | reason=negative vehicle_count
2026-08-15 17:31:46,252 | WARNING | QUARANTINE | record_id=3768 | reason=negative vehicle_count
2026-08-15 17:31:46,270 | WARNING | QUARANTINE | record_id=3780 | reason=NULL or blank camera_node_id
2026-08-15 17:31:46,282 | WARNING | QUARANTINE | record_id=3790 | reason=extreme vehicle_count outlier (>= 5000)
2026-08-15 17:31:46,291 | WARNING | QUARANTINE | record_id=3797 | reason=extreme vehicle_count outlier (>= 5000)
2026-08-15 17:31:46,308 | WARNING | QUARANTINE | record_id=3810 | reason=negative vehicle_count
2026-08-15 17:31:46,326 | WARNING | QUARANTINE | record_id=3824 | reason=NULL or blank camera_node_id
2026-08-15 17:31:46,355 | WARNING | QUARANTINE | record_id=3840 | reason=extreme vehicle_count outlier (>= 5000)
2026-08-15 17:31:46,395 | WARNING | QUARANTINE | record_id=3857 | reason=extreme vehicle_count outlier (>= 5000)
2026-08-15 17:31:46,398 | WARNING | QUARANTINE | record_id=3858 | reason=NULL or blank camera_node_id
2026-08-15 17:31:46,402 | WARNING | QUARANTINE | record_id=3860 | reason=negative vehicle_count
2026-08-15 17:31:46,405 | WARNING | QUARANTINE | record_id=3862 | reason=NULL or blank camera_node_id
2026-08-15 17:31:46,442 | WARNING | QUARANTINE | record_id=3874 | reason=NULL or blank camera_node_id
2026-08-15 17:31:46,443 | WARNING | QUARANTINE | record_id=3875 | reason=NULL or blank camera_node_id
2026-08-15 17:31:46,450 | WARNING | QUARANTINE | record_id=3879 | reason=negative vehicle_count
2026-08-15 17:31:46,452 | WARNING | QUARANTINE | record_id=3882 | reason=NULL or blank camera_node_id
2026-08-15 17:31:46,475 | WARNING | QUARANTINE | record_id=3895 | reason=NULL or blank camera_node_id
2026-08-15 17:31:46,560 | WARNING | QUARANTINE | record_id=3934 | reason=negative vehicle_count
2026-08-15 17:31:46,569 | WARNING | QUARANTINE | record_id=3938 | reason=negative vehicle_count
2026-08-15 17:31:46,581 | WARNING | QUARANTINE | record_id=3945 | reason=NULL or blank camera_node_id
2026-08-15 17:31:46,589 | WARNING | QUARANTINE | record_id=3952 | reason=NULL or blank camera_node_id
2026-08-15 17:31:46,606 | WARNING | QUARANTINE | record_id=3961 | reason=NULL or blank camera_node_id
2026-08-15 17:31:46,619 | WARNING | QUARANTINE | record_id=3968 | reason=NULL or blank camera_node_id
2026-08-15 17:31:46,620 | WARNING | QUARANTINE | record_id=3969 | reason=NULL or blank camera_node_id
2026-08-15 17:31:46,641 | WARNING | QUARANTINE | record_id=3986 | reason=NULL or blank camera_node_id
2026-08-15 17:31:46,649 | WARNING | QUARANTINE | record_id=3992 | reason=NULL or blank camera_node_id
2026-08-15 17:31:46,697 | INFO | VALIDATION | valid_rows=3600 | quarantined_rows=400
2026-08-15 17:31:46,721 | INFO | QUARANTINE_WRITE | path=D:\UPHD\4TH YR\1st sem\mini_project\AngDelaPena_prelim_project\quarantine\null_sensor_nodes.csv | rows=400
2026-08-15 17:31:48,520 | ERROR | PIPELINE_FAILURE
Traceback (most recent call last):
  File "D:\UPHD\4TH YR\1st sem\mini_project\angdelapena_prelim_project\traffic_orchestrator.py", line 206, in run_pipeline
    write_parquet(aggregated)
    ~~~~~~~~~~~~~^^^^^^^^^^^^
  File "D:\UPHD\4TH YR\1st sem\mini_project\angdelapena_prelim_project\traffic_orchestrator.py", line 176, in write_parquet
    aggregated.to_parquet(
    ~~~~~~~~~~~~~~~~~~~~~^
        OUTPUT_DIR,
        ^^^^^^^^^^^
    ...<3 lines>...
        partition_cols=["intersection_zone", "year", "month", "day", "hour"],
        ^^^^^^^^^^^^^^^^^^^^^^^^^^^^^^^^^^^^^^^^^^^^^^^^^^^^^^^^^^^^^^^^^^^^^
    )
    ^
  File "D:\UPHD\4TH YR\1st sem\mini_project\angdelapena_prelim_project\.venv\Lib\site-packages\pandas\util\_decorators.py", line 333, in wrapper
    return func(*args, **kwargs)
  File "D:\UPHD\4TH YR\1st sem\mini_project\angdelapena_prelim_project\.venv\Lib\site-packages\pandas\core\frame.py", line 3118, in to_parquet
    return to_parquet(
        self,
    ...<6 lines>...
        **kwargs,
    )
  File "D:\UPHD\4TH YR\1st sem\mini_project\angdelapena_prelim_project\.venv\Lib\site-packages\pandas\io\parquet.py", line 482, in to_parquet
    impl.write(
    ~~~~~~~~~~^
        df,
        ^^^
    ...<6 lines>...
        **kwargs,
        ^^^^^^^^^
    )
    ^
  File "D:\UPHD\4TH YR\1st sem\mini_project\angdelapena_prelim_project\.venv\Lib\site-packages\pandas\io\parquet.py", line 219, in write
    self.api.parquet.write_to_dataset(
    ~~~~~~~~~~~~~~~~~~~~~~~~~~~~~~~~~^
        table,
        ^^^^^^
    ...<4 lines>...
        **kwargs,
        ^^^^^^^^^
    )
    ^
  File "D:\UPHD\4TH YR\1st sem\mini_project\angdelapena_prelim_project\.venv\Lib\site-packages\pyarrow\parquet\core.py", line 2219, in write_to_dataset
    ds.write_dataset(
    ~~~~~~~~~~~~~~~~^
        table, root_path, filesystem=filesystem,
        ^^^^^^^^^^^^^^^^^^^^^^^^^^^^^^^^^^^^^^^^
    ...<4 lines>...
        existing_data_behavior=existing_data_behavior,
        ^^^^^^^^^^^^^^^^^^^^^^^^^^^^^^^^^^^^^^^^^^^^^^
        **write_dataset_kwargs)
        ^^^^^^^^^^^^^^^^^^^^^^^
  File "D:\UPHD\4TH YR\1st sem\mini_project\angdelapena_prelim_project\.venv\Lib\site-packages\pyarrow\dataset.py", line 1035, in write_dataset
    _filesystemdataset_write(
    ~~~~~~~~~~~~~~~~~~~~~~~~^
        scanner, base_dir, basename_template, filesystem, partitioning,
        ^^^^^^^^^^^^^^^^^^^^^^^^^^^^^^^^^^^^^^^^^^^^^^^^^^^^^^^^^^^^^^^
    ...<2 lines>...
        min_rows_per_group, max_rows_per_group, create_dir
        ^^^^^^^^^^^^^^^^^^^^^^^^^^^^^^^^^^^^^^^^^^^^^^^^^^
    )
    ^
  File "pyarrow\\_dataset.pyx", line 4147, in pyarrow._dataset._filesystemdataset_write
  File "pyarrow\\error.pxi", line 92, in pyarrow.lib.check_status
pyarrow.lib.ArrowInvalid: Fragment would be written into 3600 partitions. This exceeds the maximum of 1024
2026-08-15 17:38:41,512 | INFO | PIPELINE_START
2026-08-15 17:38:41,534 | INFO | EXTRACT | rows=4000 | source_sha256=26e87762f0c481e1fef90f5a2fb8db7bb28987e25e9b54c749763dfa919d5069
2026-08-15 17:38:41,565 | WARNING | QUARANTINE | record_id=1 | reason=negative vehicle_count
2026-08-15 17:38:41,620 | WARNING | QUARANTINE | record_id=46 | reason=negative vehicle_count
2026-08-15 17:38:41,623 | WARNING | QUARANTINE | record_id=50 | reason=negative vehicle_count
2026-08-15 17:38:41,628 | WARNING | QUARANTINE | record_id=58 | reason=NULL or blank camera_node_id
2026-08-15 17:38:41,643 | WARNING | QUARANTINE | record_id=67 | reason=NULL or blank camera_node_id
2026-08-15 17:38:41,676 | WARNING | QUARANTINE | record_id=70 | reason=NULL or blank camera_node_id
2026-08-15 17:38:41,680 | WARNING | QUARANTINE | record_id=77 | reason=negative vehicle_count
2026-08-15 17:38:41,682 | WARNING | QUARANTINE | record_id=81 | reason=NULL or blank camera_node_id
2026-08-15 17:38:41,691 | WARNING | QUARANTINE | record_id=93 | reason=negative vehicle_count
2026-08-15 17:38:41,708 | WARNING | QUARANTINE | record_id=113 | reason=NULL or blank camera_node_id
2026-08-15 17:38:41,733 | WARNING | QUARANTINE | record_id=133 | reason=negative vehicle_count
2026-08-15 17:38:41,741 | WARNING | QUARANTINE | record_id=145 | reason=NULL or blank camera_node_id
2026-08-15 17:38:41,744 | WARNING | QUARANTINE | record_id=151 | reason=extreme vehicle_count outlier (>= 5000)
2026-08-15 17:38:41,751 | WARNING | QUARANTINE | record_id=162 | reason=NULL or blank camera_node_id
2026-08-15 17:38:41,761 | WARNING | QUARANTINE | record_id=180 | reason=negative vehicle_count
2026-08-15 17:38:41,772 | WARNING | QUARANTINE | record_id=189 | reason=NULL or blank camera_node_id
2026-08-15 17:38:41,772 | WARNING | QUARANTINE | record_id=190 | reason=extreme vehicle_count outlier (>= 5000)
2026-08-15 17:38:41,778 | WARNING | QUARANTINE | record_id=195 | reason=negative vehicle_count
2026-08-15 17:38:41,798 | WARNING | QUARANTINE | record_id=211 | reason=negative vehicle_count
2026-08-15 17:38:41,807 | WARNING | QUARANTINE | record_id=219 | reason=extreme vehicle_count outlier (>= 5000)
2026-08-15 17:38:41,807 | WARNING | QUARANTINE | record_id=220 | reason=NULL or blank camera_node_id
2026-08-15 17:38:41,832 | WARNING | QUARANTINE | record_id=239 | reason=negative vehicle_count
2026-08-15 17:38:41,834 | WARNING | QUARANTINE | record_id=243 | reason=NULL or blank camera_node_id
2026-08-15 17:38:41,846 | WARNING | QUARANTINE | record_id=264 | reason=NULL or blank camera_node_id
2026-08-15 17:38:41,848 | WARNING | QUARANTINE | record_id=267 | reason=NULL or blank camera_node_id
2026-08-15 17:38:41,858 | WARNING | QUARANTINE | record_id=284 | reason=extreme vehicle_count outlier (>= 5000)
2026-08-15 17:38:41,869 | WARNING | QUARANTINE | record_id=302 | reason=NULL or blank camera_node_id
2026-08-15 17:38:41,870 | WARNING | QUARANTINE | record_id=303 | reason=extreme vehicle_count outlier (>= 5000)
2026-08-15 17:38:41,875 | WARNING | QUARANTINE | record_id=312 | reason=negative vehicle_count
2026-08-15 17:38:41,886 | WARNING | QUARANTINE | record_id=321 | reason=NULL or blank camera_node_id
2026-08-15 17:38:41,915 | WARNING | QUARANTINE | record_id=344 | reason=NULL or blank camera_node_id
2026-08-15 17:38:41,920 | WARNING | QUARANTINE | record_id=350 | reason=negative vehicle_count
2026-08-15 17:38:41,926 | WARNING | QUARANTINE | record_id=353 | reason=extreme vehicle_count outlier (>= 5000)
2026-08-15 17:38:41,930 | WARNING | QUARANTINE | record_id=356 | reason=NULL or blank camera_node_id
2026-08-15 17:38:41,961 | WARNING | QUARANTINE | record_id=373 | reason=negative vehicle_count
2026-08-15 17:38:41,965 | WARNING | QUARANTINE | record_id=376 | reason=extreme vehicle_count outlier (>= 5000)
2026-08-15 17:38:42,005 | WARNING | QUARANTINE | record_id=410 | reason=NULL or blank camera_node_id
2026-08-15 17:38:42,020 | WARNING | QUARANTINE | record_id=427 | reason=negative vehicle_count
2026-08-15 17:38:42,024 | WARNING | QUARANTINE | record_id=431 | reason=negative vehicle_count
2026-08-15 17:38:42,025 | WARNING | QUARANTINE | record_id=433 | reason=extreme vehicle_count outlier (>= 5000)
2026-08-15 17:38:42,034 | WARNING | QUARANTINE | record_id=445 | reason=negative vehicle_count
2026-08-15 17:38:42,035 | WARNING | QUARANTINE | record_id=446 | reason=negative vehicle_count
2026-08-15 17:38:42,050 | WARNING | QUARANTINE | record_id=458 | reason=NULL or blank camera_node_id
2026-08-15 17:38:42,059 | WARNING | QUARANTINE | record_id=472 | reason=extreme vehicle_count outlier (>= 5000)
2026-08-15 17:38:42,064 | WARNING | QUARANTINE | record_id=481 | reason=extreme vehicle_count outlier (>= 5000)
2026-08-15 17:38:42,080 | WARNING | QUARANTINE | record_id=500 | reason=NULL or blank camera_node_id
2026-08-15 17:38:42,098 | WARNING | QUARANTINE | record_id=526 | reason=NULL or blank camera_node_id
2026-08-15 17:38:42,098 | WARNING | QUARANTINE | record_id=527 | reason=NULL or blank camera_node_id
2026-08-15 17:38:42,104 | WARNING | QUARANTINE | record_id=532 | reason=extreme vehicle_count outlier (>= 5000)
2026-08-15 17:38:42,117 | WARNING | QUARANTINE | record_id=548 | reason=NULL or blank camera_node_id
2026-08-15 17:38:42,126 | WARNING | QUARANTINE | record_id=558 | reason=negative vehicle_count
2026-08-15 17:38:42,172 | WARNING | QUARANTINE | record_id=601 | reason=NULL or blank camera_node_id
2026-08-15 17:38:42,178 | WARNING | QUARANTINE | record_id=611 | reason=NULL or blank camera_node_id
2026-08-15 17:38:42,189 | WARNING | QUARANTINE | record_id=621 | reason=NULL or blank camera_node_id
2026-08-15 17:38:42,230 | WARNING | QUARANTINE | record_id=652 | reason=NULL or blank camera_node_id
2026-08-15 17:38:42,240 | WARNING | QUARANTINE | record_id=664 | reason=NULL or blank camera_node_id
2026-08-15 17:38:42,252 | WARNING | QUARANTINE | record_id=680 | reason=NULL or blank camera_node_id
2026-08-15 17:38:42,256 | WARNING | QUARANTINE | record_id=686 | reason=NULL or blank camera_node_id
2026-08-15 17:38:42,258 | WARNING | QUARANTINE | record_id=690 | reason=negative vehicle_count
2026-08-15 17:38:42,259 | WARNING | QUARANTINE | record_id=694 | reason=extreme vehicle_count outlier (>= 5000)
2026-08-15 17:38:42,260 | WARNING | QUARANTINE | record_id=695 | reason=NULL or blank camera_node_id
2026-08-15 17:38:42,272 | WARNING | QUARANTINE | record_id=712 | reason=negative vehicle_count
2026-08-15 17:38:42,277 | WARNING | QUARANTINE | record_id=720 | reason=NULL or blank camera_node_id
2026-08-15 17:38:42,293 | WARNING | QUARANTINE | record_id=740 | reason=NULL or blank camera_node_id
2026-08-15 17:38:42,329 | WARNING | QUARANTINE | record_id=769 | reason=extreme vehicle_count outlier (>= 5000)
2026-08-15 17:38:42,336 | WARNING | QUARANTINE | record_id=774 | reason=negative vehicle_count
2026-08-15 17:38:42,348 | WARNING | QUARANTINE | record_id=782 | reason=NULL or blank camera_node_id
2026-08-15 17:38:42,363 | WARNING | QUARANTINE | record_id=806 | reason=NULL or blank camera_node_id
2026-08-15 17:38:42,368 | WARNING | QUARANTINE | record_id=814 | reason=negative vehicle_count
2026-08-15 17:38:42,373 | WARNING | QUARANTINE | record_id=824 | reason=negative vehicle_count
2026-08-15 17:38:42,377 | WARNING | QUARANTINE | record_id=830 | reason=NULL or blank camera_node_id
2026-08-15 17:38:42,384 | WARNING | QUARANTINE | record_id=841 | reason=NULL or blank camera_node_id
2026-08-15 17:38:42,386 | WARNING | QUARANTINE | record_id=845 | reason=NULL or blank camera_node_id
2026-08-15 17:38:42,393 | WARNING | QUARANTINE | record_id=858 | reason=negative vehicle_count
2026-08-15 17:38:42,395 | WARNING | QUARANTINE | record_id=861 | reason=NULL or blank camera_node_id
2026-08-15 17:38:42,398 | WARNING | QUARANTINE | record_id=866 | reason=NULL or blank camera_node_id
2026-08-15 17:38:42,398 | WARNING | QUARANTINE | record_id=867 | reason=NULL or blank camera_node_id
2026-08-15 17:38:42,401 | WARNING | QUARANTINE | record_id=872 | reason=NULL or blank camera_node_id
2026-08-15 17:38:42,401 | WARNING | QUARANTINE | record_id=874 | reason=negative vehicle_count
2026-08-15 17:38:42,421 | WARNING | QUARANTINE | record_id=903 | reason=NULL or blank camera_node_id
2026-08-15 17:38:42,421 | WARNING | QUARANTINE | record_id=904 | reason=NULL or blank camera_node_id
2026-08-15 17:38:42,431 | WARNING | QUARANTINE | record_id=920 | reason=NULL or blank camera_node_id
2026-08-15 17:38:42,431 | WARNING | QUARANTINE | record_id=921 | reason=NULL or blank camera_node_id
2026-08-15 17:38:42,440 | WARNING | QUARANTINE | record_id=937 | reason=negative vehicle_count
2026-08-15 17:38:42,449 | WARNING | QUARANTINE | record_id=953 | reason=negative vehicle_count
2026-08-15 17:38:42,455 | WARNING | QUARANTINE | record_id=963 | reason=extreme vehicle_count outlier (>= 5000)
2026-08-15 17:38:42,456 | WARNING | QUARANTINE | record_id=965 | reason=NULL or blank camera_node_id
2026-08-15 17:38:42,465 | WARNING | QUARANTINE | record_id=981 | reason=extreme vehicle_count outlier (>= 5000)
2026-08-15 17:38:42,484 | WARNING | QUARANTINE | record_id=1011 | reason=negative vehicle_count
2026-08-15 17:38:42,485 | WARNING | QUARANTINE | record_id=1014 | reason=extreme vehicle_count outlier (>= 5000)
2026-08-15 17:38:42,502 | WARNING | QUARANTINE | record_id=1031 | reason=negative vehicle_count
2026-08-15 17:38:42,510 | WARNING | QUARANTINE | record_id=1042 | reason=negative vehicle_count
2026-08-15 17:38:42,515 | WARNING | QUARANTINE | record_id=1050 | reason=negative vehicle_count
2026-08-15 17:38:42,530 | WARNING | QUARANTINE | record_id=1059 | reason=extreme vehicle_count outlier (>= 5000)
2026-08-15 17:38:42,540 | WARNING | QUARANTINE | record_id=1065 | reason=negative vehicle_count
2026-08-15 17:38:42,550 | WARNING | QUARANTINE | record_id=1071 | reason=extreme vehicle_count outlier (>= 5000)
2026-08-15 17:38:42,568 | WARNING | QUARANTINE | record_id=1082 | reason=NULL or blank camera_node_id
2026-08-15 17:38:42,570 | WARNING | QUARANTINE | record_id=1084 | reason=negative vehicle_count
2026-08-15 17:38:42,573 | WARNING | QUARANTINE | record_id=1086 | reason=NULL or blank camera_node_id
2026-08-15 17:38:42,574 | WARNING | QUARANTINE | record_id=1087 | reason=NULL or blank camera_node_id
2026-08-15 17:38:42,600 | WARNING | QUARANTINE | record_id=1103 | reason=negative vehicle_count
2026-08-15 17:38:42,621 | WARNING | QUARANTINE | record_id=1118 | reason=NULL or blank camera_node_id
2026-08-15 17:38:42,633 | WARNING | QUARANTINE | record_id=1122 | reason=NULL or blank camera_node_id
2026-08-15 17:38:42,669 | WARNING | QUARANTINE | record_id=1141 | reason=negative vehicle_count
2026-08-15 17:38:42,672 | WARNING | QUARANTINE | record_id=1146 | reason=NULL or blank camera_node_id
2026-08-15 17:38:42,676 | WARNING | QUARANTINE | record_id=1152 | reason=NULL or blank camera_node_id
2026-08-15 17:38:42,678 | WARNING | QUARANTINE | record_id=1156 | reason=NULL or blank camera_node_id
2026-08-15 17:38:42,679 | WARNING | QUARANTINE | record_id=1158 | reason=extreme vehicle_count outlier (>= 5000)
2026-08-15 17:38:42,689 | WARNING | QUARANTINE | record_id=1165 | reason=extreme vehicle_count outlier (>= 5000)
2026-08-15 17:38:42,694 | WARNING | QUARANTINE | record_id=1169 | reason=extreme vehicle_count outlier (>= 5000)
2026-08-15 17:38:42,694 | WARNING | QUARANTINE | record_id=1170 | reason=NULL or blank camera_node_id
2026-08-15 17:38:42,694 | WARNING | QUARANTINE | record_id=1171 | reason=negative vehicle_count
2026-08-15 17:38:42,695 | WARNING | QUARANTINE | record_id=1172 | reason=negative vehicle_count
2026-08-15 17:38:42,698 | WARNING | QUARANTINE | record_id=1177 | reason=negative vehicle_count
2026-08-15 17:38:42,704 | WARNING | QUARANTINE | record_id=1185 | reason=NULL or blank camera_node_id
2026-08-15 17:38:42,707 | WARNING | QUARANTINE | record_id=1191 | reason=extreme vehicle_count outlier (>= 5000)
2026-08-15 17:38:42,708 | WARNING | QUARANTINE | record_id=1193 | reason=NULL or blank camera_node_id
2026-08-15 17:38:42,716 | WARNING | QUARANTINE | record_id=1207 | reason=negative vehicle_count
2026-08-15 17:38:42,729 | WARNING | QUARANTINE | record_id=1227 | reason=negative vehicle_count
2026-08-15 17:38:42,730 | WARNING | QUARANTINE | record_id=1229 | reason=NULL or blank camera_node_id
2026-08-15 17:38:42,836 | WARNING | QUARANTINE | record_id=1243 | reason=extreme vehicle_count outlier (>= 5000)
2026-08-15 17:38:42,851 | WARNING | QUARANTINE | record_id=1254 | reason=extreme vehicle_count outlier (>= 5000)
2026-08-15 17:38:42,946 | WARNING | QUARANTINE | record_id=1267 | reason=negative vehicle_count
2026-08-15 17:38:43,026 | WARNING | QUARANTINE | record_id=1284 | reason=negative vehicle_count
2026-08-15 17:38:43,035 | WARNING | QUARANTINE | record_id=1289 | reason=extreme vehicle_count outlier (>= 5000)
2026-08-15 17:38:43,041 | WARNING | QUARANTINE | record_id=1291 | reason=extreme vehicle_count outlier (>= 5000)
2026-08-15 17:38:43,048 | WARNING | QUARANTINE | record_id=1299 | reason=NULL or blank camera_node_id
2026-08-15 17:38:43,050 | WARNING | QUARANTINE | record_id=1302 | reason=NULL or blank camera_node_id
2026-08-15 17:38:43,052 | WARNING | QUARANTINE | record_id=1305 | reason=extreme vehicle_count outlier (>= 5000)
2026-08-15 17:38:43,073 | WARNING | QUARANTINE | record_id=1321 | reason=NULL or blank camera_node_id
2026-08-15 17:38:43,074 | WARNING | QUARANTINE | record_id=1322 | reason=extreme vehicle_count outlier (>= 5000)
2026-08-15 17:38:43,098 | WARNING | QUARANTINE | record_id=1340 | reason=NULL or blank camera_node_id
2026-08-15 17:38:43,101 | WARNING | QUARANTINE | record_id=1343 | reason=extreme vehicle_count outlier (>= 5000)
2026-08-15 17:38:43,103 | WARNING | QUARANTINE | record_id=1346 | reason=NULL or blank camera_node_id
2026-08-15 17:38:43,104 | WARNING | QUARANTINE | record_id=1348 | reason=extreme vehicle_count outlier (>= 5000)
2026-08-15 17:38:43,117 | WARNING | QUARANTINE | record_id=1367 | reason=negative vehicle_count
2026-08-15 17:38:43,118 | WARNING | QUARANTINE | record_id=1370 | reason=NULL or blank camera_node_id
2026-08-15 17:38:43,120 | WARNING | QUARANTINE | record_id=1373 | reason=NULL or blank camera_node_id
2026-08-15 17:38:43,123 | WARNING | QUARANTINE | record_id=1378 | reason=NULL or blank camera_node_id
2026-08-15 17:38:43,130 | WARNING | QUARANTINE | record_id=1389 | reason=NULL or blank camera_node_id
2026-08-15 17:38:43,132 | WARNING | QUARANTINE | record_id=1393 | reason=NULL or blank camera_node_id
2026-08-15 17:38:43,138 | WARNING | QUARANTINE | record_id=1403 | reason=negative vehicle_count
2026-08-15 17:38:43,143 | WARNING | QUARANTINE | record_id=1411 | reason=negative vehicle_count
2026-08-15 17:38:43,145 | WARNING | QUARANTINE | record_id=1414 | reason=negative vehicle_count
2026-08-15 17:38:43,152 | WARNING | QUARANTINE | record_id=1426 | reason=NULL or blank camera_node_id
2026-08-15 17:38:43,153 | WARNING | QUARANTINE | record_id=1428 | reason=NULL or blank camera_node_id
2026-08-15 17:38:43,159 | WARNING | QUARANTINE | record_id=1437 | reason=negative vehicle_count
2026-08-15 17:38:43,167 | WARNING | QUARANTINE | record_id=1450 | reason=NULL or blank camera_node_id
2026-08-15 17:38:43,183 | WARNING | QUARANTINE | record_id=1464 | reason=extreme vehicle_count outlier (>= 5000)
2026-08-15 17:38:43,190 | WARNING | QUARANTINE | record_id=1470 | reason=negative vehicle_count
2026-08-15 17:38:43,195 | WARNING | QUARANTINE | record_id=1474 | reason=NULL or blank camera_node_id
2026-08-15 17:38:43,227 | WARNING | QUARANTINE | record_id=1496 | reason=negative vehicle_count
2026-08-15 17:38:43,262 | WARNING | QUARANTINE | record_id=1519 | reason=NULL or blank camera_node_id
2026-08-15 17:38:43,264 | WARNING | QUARANTINE | record_id=1521 | reason=NULL or blank camera_node_id
2026-08-15 17:38:43,278 | WARNING | QUARANTINE | record_id=1540 | reason=extreme vehicle_count outlier (>= 5000)
2026-08-15 17:38:43,286 | WARNING | QUARANTINE | record_id=1553 | reason=extreme vehicle_count outlier (>= 5000)
2026-08-15 17:38:43,291 | WARNING | QUARANTINE | record_id=1561 | reason=NULL or blank camera_node_id
2026-08-15 17:38:43,300 | WARNING | QUARANTINE | record_id=1574 | reason=extreme vehicle_count outlier (>= 5000)
2026-08-15 17:38:43,316 | WARNING | QUARANTINE | record_id=1600 | reason=negative vehicle_count
2026-08-15 17:38:43,320 | WARNING | QUARANTINE | record_id=1606 | reason=NULL or blank camera_node_id
2026-08-15 17:38:43,340 | WARNING | QUARANTINE | record_id=1640 | reason=extreme vehicle_count outlier (>= 5000)
2026-08-15 17:38:43,346 | WARNING | QUARANTINE | record_id=1649 | reason=negative vehicle_count
2026-08-15 17:38:43,352 | WARNING | QUARANTINE | record_id=1661 | reason=extreme vehicle_count outlier (>= 5000)
2026-08-15 17:38:43,357 | WARNING | QUARANTINE | record_id=1669 | reason=NULL or blank camera_node_id
2026-08-15 17:38:43,361 | WARNING | QUARANTINE | record_id=1677 | reason=NULL or blank camera_node_id
2026-08-15 17:38:43,372 | WARNING | QUARANTINE | record_id=1685 | reason=NULL or blank camera_node_id
2026-08-15 17:38:43,381 | WARNING | QUARANTINE | record_id=1695 | reason=extreme vehicle_count outlier (>= 5000)
2026-08-15 17:38:43,382 | WARNING | QUARANTINE | record_id=1698 | reason=negative vehicle_count
2026-08-15 17:38:43,390 | WARNING | QUARANTINE | record_id=1713 | reason=negative vehicle_count
2026-08-15 17:38:43,395 | WARNING | QUARANTINE | record_id=1722 | reason=extreme vehicle_count outlier (>= 5000)
2026-08-15 17:38:43,408 | WARNING | QUARANTINE | record_id=1744 | reason=NULL or blank camera_node_id
2026-08-15 17:38:43,415 | WARNING | QUARANTINE | record_id=1757 | reason=NULL or blank camera_node_id
2026-08-15 17:38:43,418 | WARNING | QUARANTINE | record_id=1763 | reason=negative vehicle_count
2026-08-15 17:38:43,442 | WARNING | QUARANTINE | record_id=1805 | reason=NULL or blank camera_node_id
2026-08-15 17:38:43,446 | WARNING | QUARANTINE | record_id=1812 | reason=NULL or blank camera_node_id
2026-08-15 17:38:43,447 | WARNING | QUARANTINE | record_id=1815 | reason=extreme vehicle_count outlier (>= 5000)
2026-08-15 17:38:43,448 | WARNING | QUARANTINE | record_id=1818 | reason=extreme vehicle_count outlier (>= 5000)
2026-08-15 17:38:43,455 | WARNING | QUARANTINE | record_id=1830 | reason=NULL or blank camera_node_id
2026-08-15 17:38:43,465 | WARNING | QUARANTINE | record_id=1845 | reason=NULL or blank camera_node_id
2026-08-15 17:38:43,476 | WARNING | QUARANTINE | record_id=1862 | reason=NULL or blank camera_node_id
2026-08-15 17:38:43,478 | WARNING | QUARANTINE | record_id=1867 | reason=negative vehicle_count
2026-08-15 17:38:43,483 | WARNING | QUARANTINE | record_id=1875 | reason=negative vehicle_count
2026-08-15 17:38:43,483 | WARNING | QUARANTINE | record_id=1876 | reason=extreme vehicle_count outlier (>= 5000)
2026-08-15 17:38:43,487 | WARNING | QUARANTINE | record_id=1882 | reason=negative vehicle_count
2026-08-15 17:38:43,491 | WARNING | QUARANTINE | record_id=1890 | reason=NULL or blank camera_node_id
2026-08-15 17:38:43,493 | WARNING | QUARANTINE | record_id=1893 | reason=NULL or blank camera_node_id
2026-08-15 17:38:43,501 | WARNING | QUARANTINE | record_id=1906 | reason=NULL or blank camera_node_id
2026-08-15 17:38:43,503 | WARNING | QUARANTINE | record_id=1910 | reason=extreme vehicle_count outlier (>= 5000)
2026-08-15 17:38:43,532 | WARNING | QUARANTINE | record_id=1959 | reason=NULL or blank camera_node_id
2026-08-15 17:38:43,538 | WARNING | QUARANTINE | record_id=1970 | reason=extreme vehicle_count outlier (>= 5000)
2026-08-15 17:38:43,540 | WARNING | QUARANTINE | record_id=1973 | reason=extreme vehicle_count outlier (>= 5000)
2026-08-15 17:38:43,542 | WARNING | QUARANTINE | record_id=1978 | reason=NULL or blank camera_node_id
2026-08-15 17:38:43,548 | WARNING | QUARANTINE | record_id=1989 | reason=negative vehicle_count
2026-08-15 17:38:43,549 | WARNING | QUARANTINE | record_id=1992 | reason=NULL or blank camera_node_id
2026-08-15 17:38:43,557 | WARNING | QUARANTINE | record_id=1999 | reason=NULL or blank camera_node_id
2026-08-15 17:38:43,572 | WARNING | QUARANTINE | record_id=2012 | reason=negative vehicle_count
2026-08-15 17:38:43,583 | WARNING | QUARANTINE | record_id=2030 | reason=NULL or blank camera_node_id
2026-08-15 17:38:43,583 | WARNING | QUARANTINE | record_id=2031 | reason=NULL or blank camera_node_id
2026-08-15 17:38:43,584 | WARNING | QUARANTINE | record_id=2033 | reason=NULL or blank camera_node_id
2026-08-15 17:38:43,595 | WARNING | QUARANTINE | record_id=2050 | reason=NULL or blank camera_node_id
2026-08-15 17:38:43,599 | WARNING | QUARANTINE | record_id=2057 | reason=NULL or blank camera_node_id
2026-08-15 17:38:43,600 | WARNING | QUARANTINE | record_id=2059 | reason=NULL or blank camera_node_id
2026-08-15 17:38:43,609 | WARNING | QUARANTINE | record_id=2074 | reason=extreme vehicle_count outlier (>= 5000)
2026-08-15 17:38:43,611 | WARNING | QUARANTINE | record_id=2079 | reason=NULL or blank camera_node_id
2026-08-15 17:38:43,639 | WARNING | QUARANTINE | record_id=2107 | reason=negative vehicle_count
2026-08-15 17:38:43,642 | WARNING | QUARANTINE | record_id=2113 | reason=NULL or blank camera_node_id
2026-08-15 17:38:43,646 | WARNING | QUARANTINE | record_id=2121 | reason=NULL or blank camera_node_id
2026-08-15 17:38:43,657 | WARNING | QUARANTINE | record_id=2140 | reason=NULL or blank camera_node_id
2026-08-15 17:38:43,659 | WARNING | QUARANTINE | record_id=2144 | reason=negative vehicle_count
2026-08-15 17:38:43,661 | WARNING | QUARANTINE | record_id=2149 | reason=extreme vehicle_count outlier (>= 5000)
2026-08-15 17:38:43,667 | WARNING | QUARANTINE | record_id=2158 | reason=negative vehicle_count
2026-08-15 17:38:43,669 | WARNING | QUARANTINE | record_id=2162 | reason=NULL or blank camera_node_id
2026-08-15 17:38:43,686 | WARNING | QUARANTINE | record_id=2186 | reason=extreme vehicle_count outlier (>= 5000)
2026-08-15 17:38:43,686 | WARNING | QUARANTINE | record_id=2187 | reason=extreme vehicle_count outlier (>= 5000)
2026-08-15 17:38:43,688 | WARNING | QUARANTINE | record_id=2190 | reason=negative vehicle_count
2026-08-15 17:38:43,725 | WARNING | QUARANTINE | record_id=2227 | reason=negative vehicle_count
2026-08-15 17:38:43,740 | WARNING | QUARANTINE | record_id=2236 | reason=negative vehicle_count
2026-08-15 17:38:43,771 | WARNING | QUARANTINE | record_id=2265 | reason=negative vehicle_count
2026-08-15 17:38:43,790 | WARNING | QUARANTINE | record_id=2292 | reason=NULL or blank camera_node_id
2026-08-15 17:38:43,801 | WARNING | QUARANTINE | record_id=2310 | reason=NULL or blank camera_node_id
2026-08-15 17:38:43,805 | WARNING | QUARANTINE | record_id=2316 | reason=NULL or blank camera_node_id
2026-08-15 17:38:43,811 | WARNING | QUARANTINE | record_id=2324 | reason=NULL or blank camera_node_id
2026-08-15 17:38:43,823 | WARNING | QUARANTINE | record_id=2342 | reason=NULL or blank camera_node_id
2026-08-15 17:38:43,828 | WARNING | QUARANTINE | record_id=2351 | reason=extreme vehicle_count outlier (>= 5000)
2026-08-15 17:38:43,838 | WARNING | QUARANTINE | record_id=2366 | reason=negative vehicle_count
2026-08-15 17:38:43,841 | WARNING | QUARANTINE | record_id=2372 | reason=NULL or blank camera_node_id
2026-08-15 17:38:43,842 | WARNING | QUARANTINE | record_id=2375 | reason=negative vehicle_count
2026-08-15 17:38:43,847 | WARNING | QUARANTINE | record_id=2383 | reason=NULL or blank camera_node_id
2026-08-15 17:38:43,849 | WARNING | QUARANTINE | record_id=2388 | reason=negative vehicle_count
2026-08-15 17:38:43,862 | WARNING | QUARANTINE | record_id=2407 | reason=negative vehicle_count
2026-08-15 17:38:43,863 | WARNING | QUARANTINE | record_id=2410 | reason=extreme vehicle_count outlier (>= 5000)
2026-08-15 17:38:43,869 | WARNING | QUARANTINE | record_id=2419 | reason=NULL or blank camera_node_id
2026-08-15 17:38:43,875 | WARNING | QUARANTINE | record_id=2428 | reason=negative vehicle_count
2026-08-15 17:38:43,886 | WARNING | QUARANTINE | record_id=2441 | reason=NULL or blank camera_node_id
2026-08-15 17:38:43,891 | WARNING | QUARANTINE | record_id=2448 | reason=NULL or blank camera_node_id
2026-08-15 17:38:43,893 | WARNING | QUARANTINE | record_id=2452 | reason=NULL or blank camera_node_id
2026-08-15 17:38:43,896 | WARNING | QUARANTINE | record_id=2457 | reason=NULL or blank camera_node_id
2026-08-15 17:38:43,910 | WARNING | QUARANTINE | record_id=2467 | reason=extreme vehicle_count outlier (>= 5000)
2026-08-15 17:38:43,957 | WARNING | QUARANTINE | record_id=2524 | reason=negative vehicle_count
2026-08-15 17:38:43,957 | WARNING | QUARANTINE | record_id=2525 | reason=extreme vehicle_count outlier (>= 5000)
2026-08-15 17:38:43,967 | WARNING | QUARANTINE | record_id=2538 | reason=extreme vehicle_count outlier (>= 5000)
2026-08-15 17:38:43,997 | WARNING | QUARANTINE | record_id=2564 | reason=NULL or blank camera_node_id
2026-08-15 17:38:44,001 | WARNING | QUARANTINE | record_id=2567 | reason=NULL or blank camera_node_id
2026-08-15 17:38:44,010 | WARNING | QUARANTINE | record_id=2573 | reason=NULL or blank camera_node_id
2026-08-15 17:38:44,022 | WARNING | QUARANTINE | record_id=2581 | reason=NULL or blank camera_node_id
2026-08-15 17:38:44,031 | WARNING | QUARANTINE | record_id=2587 | reason=NULL or blank camera_node_id
2026-08-15 17:38:44,035 | WARNING | QUARANTINE | record_id=2590 | reason=NULL or blank camera_node_id
2026-08-15 17:38:44,044 | WARNING | QUARANTINE | record_id=2596 | reason=extreme vehicle_count outlier (>= 5000)
2026-08-15 17:38:44,048 | WARNING | QUARANTINE | record_id=2601 | reason=negative vehicle_count
2026-08-15 17:38:44,049 | WARNING | QUARANTINE | record_id=2603 | reason=extreme vehicle_count outlier (>= 5000)
2026-08-15 17:38:44,051 | WARNING | QUARANTINE | record_id=2607 | reason=negative vehicle_count
2026-08-15 17:38:44,051 | WARNING | QUARANTINE | record_id=2609 | reason=NULL or blank camera_node_id
2026-08-15 17:38:44,069 | WARNING | QUARANTINE | record_id=2636 | reason=NULL or blank camera_node_id
2026-08-15 17:38:44,073 | WARNING | QUARANTINE | record_id=2644 | reason=NULL or blank camera_node_id
2026-08-15 17:38:44,083 | WARNING | QUARANTINE | record_id=2659 | reason=extreme vehicle_count outlier (>= 5000)
2026-08-15 17:38:44,085 | WARNING | QUARANTINE | record_id=2663 | reason=negative vehicle_count
2026-08-15 17:38:44,087 | WARNING | QUARANTINE | record_id=2667 | reason=negative vehicle_count
2026-08-15 17:38:44,087 | WARNING | QUARANTINE | record_id=2668 | reason=extreme vehicle_count outlier (>= 5000)
2026-08-15 17:38:44,089 | WARNING | QUARANTINE | record_id=2672 | reason=extreme vehicle_count outlier (>= 5000)
2026-08-15 17:38:44,093 | WARNING | QUARANTINE | record_id=2678 | reason=negative vehicle_count
2026-08-15 17:38:44,093 | WARNING | QUARANTINE | record_id=2680 | reason=NULL or blank camera_node_id
2026-08-15 17:38:44,116 | WARNING | QUARANTINE | record_id=2716 | reason=negative vehicle_count
2026-08-15 17:38:44,118 | WARNING | QUARANTINE | record_id=2719 | reason=NULL or blank camera_node_id
2026-08-15 17:38:44,118 | WARNING | QUARANTINE | record_id=2720 | reason=NULL or blank camera_node_id
2026-08-15 17:38:44,120 | WARNING | QUARANTINE | record_id=2725 | reason=NULL or blank camera_node_id
2026-08-15 17:38:44,124 | WARNING | QUARANTINE | record_id=2733 | reason=negative vehicle_count
2026-08-15 17:38:44,124 | WARNING | QUARANTINE | record_id=2734 | reason=negative vehicle_count
2026-08-15 17:38:44,126 | WARNING | QUARANTINE | record_id=2737 | reason=NULL or blank camera_node_id
2026-08-15 17:38:44,152 | WARNING | QUARANTINE | record_id=2752 | reason=NULL or blank camera_node_id
2026-08-15 17:38:44,169 | WARNING | QUARANTINE | record_id=2767 | reason=NULL or blank camera_node_id
2026-08-15 17:38:44,170 | WARNING | QUARANTINE | record_id=2769 | reason=extreme vehicle_count outlier (>= 5000)
2026-08-15 17:38:44,172 | WARNING | QUARANTINE | record_id=2773 | reason=negative vehicle_count
2026-08-15 17:38:44,175 | WARNING | QUARANTINE | record_id=2778 | reason=negative vehicle_count
2026-08-15 17:38:44,175 | WARNING | QUARANTINE | record_id=2780 | reason=negative vehicle_count
2026-08-15 17:38:44,200 | WARNING | QUARANTINE | record_id=2798 | reason=negative vehicle_count
2026-08-15 17:38:44,208 | WARNING | QUARANTINE | record_id=2804 | reason=negative vehicle_count
2026-08-15 17:38:44,209 | WARNING | QUARANTINE | record_id=2805 | reason=negative vehicle_count
2026-08-15 17:38:44,209 | WARNING | QUARANTINE | record_id=2806 | reason=NULL or blank camera_node_id
2026-08-15 17:38:44,217 | WARNING | QUARANTINE | record_id=2817 | reason=NULL or blank camera_node_id
2026-08-15 17:38:44,217 | WARNING | QUARANTINE | record_id=2818 | reason=extreme vehicle_count outlier (>= 5000)
2026-08-15 17:38:44,236 | WARNING | QUARANTINE | record_id=2847 | reason=NULL or blank camera_node_id
2026-08-15 17:38:44,239 | WARNING | QUARANTINE | record_id=2852 | reason=NULL or blank camera_node_id
2026-08-15 17:38:44,239 | WARNING | QUARANTINE | record_id=2853 | reason=negative vehicle_count
2026-08-15 17:38:44,248 | WARNING | QUARANTINE | record_id=2866 | reason=negative vehicle_count
2026-08-15 17:38:44,252 | WARNING | QUARANTINE | record_id=2873 | reason=NULL or blank camera_node_id
2026-08-15 17:38:44,260 | WARNING | QUARANTINE | record_id=2886 | reason=negative vehicle_count
2026-08-15 17:38:44,269 | WARNING | QUARANTINE | record_id=2900 | reason=negative vehicle_count
2026-08-15 17:38:44,269 | WARNING | QUARANTINE | record_id=2901 | reason=NULL or blank camera_node_id
2026-08-15 17:38:44,270 | WARNING | QUARANTINE | record_id=2903 | reason=extreme vehicle_count outlier (>= 5000)
2026-08-15 17:38:44,271 | WARNING | QUARANTINE | record_id=2906 | reason=negative vehicle_count
2026-08-15 17:38:44,275 | WARNING | QUARANTINE | record_id=2912 | reason=NULL or blank camera_node_id
2026-08-15 17:38:44,280 | WARNING | QUARANTINE | record_id=2920 | reason=negative vehicle_count
2026-08-15 17:38:44,281 | WARNING | QUARANTINE | record_id=2923 | reason=negative vehicle_count
2026-08-15 17:38:44,286 | WARNING | QUARANTINE | record_id=2931 | reason=extreme vehicle_count outlier (>= 5000)
2026-08-15 17:38:44,296 | WARNING | QUARANTINE | record_id=2948 | reason=NULL or blank camera_node_id
2026-08-15 17:38:44,300 | WARNING | QUARANTINE | record_id=2955 | reason=NULL or blank camera_node_id
2026-08-15 17:38:44,312 | WARNING | QUARANTINE | record_id=2975 | reason=NULL or blank camera_node_id
2026-08-15 17:38:44,316 | WARNING | QUARANTINE | record_id=2981 | reason=negative vehicle_count
2026-08-15 17:38:44,322 | WARNING | QUARANTINE | record_id=2991 | reason=NULL or blank camera_node_id
2026-08-15 17:38:44,325 | WARNING | QUARANTINE | record_id=2996 | reason=NULL or blank camera_node_id
2026-08-15 17:38:44,325 | WARNING | QUARANTINE | record_id=2997 | reason=NULL or blank camera_node_id
2026-08-15 17:38:44,338 | WARNING | QUARANTINE | record_id=3019 | reason=negative vehicle_count
2026-08-15 17:38:44,341 | WARNING | QUARANTINE | record_id=3026 | reason=extreme vehicle_count outlier (>= 5000)
2026-08-15 17:38:44,350 | WARNING | QUARANTINE | record_id=3041 | reason=NULL or blank camera_node_id
2026-08-15 17:38:44,369 | WARNING | QUARANTINE | record_id=3067 | reason=extreme vehicle_count outlier (>= 5000)
2026-08-15 17:38:44,372 | WARNING | QUARANTINE | record_id=3069 | reason=NULL or blank camera_node_id
2026-08-15 17:38:44,373 | WARNING | QUARANTINE | record_id=3071 | reason=negative vehicle_count
2026-08-15 17:38:44,404 | WARNING | QUARANTINE | record_id=3121 | reason=NULL or blank camera_node_id
2026-08-15 17:38:44,416 | WARNING | QUARANTINE | record_id=3142 | reason=NULL or blank camera_node_id
2026-08-15 17:38:44,423 | WARNING | QUARANTINE | record_id=3153 | reason=extreme vehicle_count outlier (>= 5000)
2026-08-15 17:38:44,423 | WARNING | QUARANTINE | record_id=3155 | reason=NULL or blank camera_node_id
2026-08-15 17:38:44,428 | WARNING | QUARANTINE | record_id=3163 | reason=NULL or blank camera_node_id
2026-08-15 17:38:44,430 | WARNING | QUARANTINE | record_id=3168 | reason=extreme vehicle_count outlier (>= 5000)
2026-08-15 17:38:44,432 | WARNING | QUARANTINE | record_id=3171 | reason=NULL or blank camera_node_id
2026-08-15 17:38:44,437 | WARNING | QUARANTINE | record_id=3179 | reason=NULL or blank camera_node_id
2026-08-15 17:38:44,489 | WARNING | QUARANTINE | record_id=3214 | reason=NULL or blank camera_node_id
2026-08-15 17:38:44,520 | WARNING | QUARANTINE | record_id=3234 | reason=NULL or blank camera_node_id
2026-08-15 17:38:44,528 | WARNING | QUARANTINE | record_id=3244 | reason=extreme vehicle_count outlier (>= 5000)
2026-08-15 17:38:44,531 | WARNING | QUARANTINE | record_id=3248 | reason=extreme vehicle_count outlier (>= 5000)
2026-08-15 17:38:44,546 | WARNING | QUARANTINE | record_id=3259 | reason=NULL or blank camera_node_id
2026-08-15 17:38:44,547 | WARNING | QUARANTINE | record_id=3261 | reason=negative vehicle_count
2026-08-15 17:38:44,565 | WARNING | QUARANTINE | record_id=3274 | reason=negative vehicle_count
2026-08-15 17:38:44,567 | WARNING | QUARANTINE | record_id=3278 | reason=NULL or blank camera_node_id
2026-08-15 17:38:44,570 | WARNING | QUARANTINE | record_id=3282 | reason=NULL or blank camera_node_id
2026-08-15 17:38:44,572 | WARNING | QUARANTINE | record_id=3286 | reason=NULL or blank camera_node_id
2026-08-15 17:38:44,577 | WARNING | QUARANTINE | record_id=3294 | reason=negative vehicle_count
2026-08-15 17:38:44,583 | WARNING | QUARANTINE | record_id=3303 | reason=extreme vehicle_count outlier (>= 5000)
2026-08-15 17:38:44,585 | WARNING | QUARANTINE | record_id=3307 | reason=extreme vehicle_count outlier (>= 5000)
2026-08-15 17:38:44,586 | WARNING | QUARANTINE | record_id=3308 | reason=negative vehicle_count
2026-08-15 17:38:44,611 | WARNING | QUARANTINE | record_id=3338 | reason=negative vehicle_count
2026-08-15 17:38:44,613 | WARNING | QUARANTINE | record_id=3342 | reason=NULL or blank camera_node_id
2026-08-15 17:38:44,622 | WARNING | QUARANTINE | record_id=3355 | reason=NULL or blank camera_node_id
2026-08-15 17:38:44,626 | WARNING | QUARANTINE | record_id=3360 | reason=extreme vehicle_count outlier (>= 5000)
2026-08-15 17:38:44,632 | WARNING | QUARANTINE | record_id=3368 | reason=NULL or blank camera_node_id
2026-08-15 17:38:44,637 | WARNING | QUARANTINE | record_id=3376 | reason=extreme vehicle_count outlier (>= 5000)
2026-08-15 17:38:44,641 | WARNING | QUARANTINE | record_id=3383 | reason=negative vehicle_count
2026-08-15 17:38:44,660 | WARNING | QUARANTINE | record_id=3403 | reason=NULL or blank camera_node_id
2026-08-15 17:38:44,662 | WARNING | QUARANTINE | record_id=3406 | reason=extreme vehicle_count outlier (>= 5000)
2026-08-15 17:38:44,663 | WARNING | QUARANTINE | record_id=3409 | reason=NULL or blank camera_node_id
2026-08-15 17:38:44,669 | WARNING | QUARANTINE | record_id=3413 | reason=NULL or blank camera_node_id
2026-08-15 17:38:44,673 | WARNING | QUARANTINE | record_id=3416 | reason=NULL or blank camera_node_id
2026-08-15 17:38:44,685 | WARNING | QUARANTINE | record_id=3428 | reason=negative vehicle_count
2026-08-15 17:38:44,688 | WARNING | QUARANTINE | record_id=3434 | reason=NULL or blank camera_node_id
2026-08-15 17:38:44,688 | WARNING | QUARANTINE | record_id=3435 | reason=negative vehicle_count
2026-08-15 17:38:44,700 | WARNING | QUARANTINE | record_id=3448 | reason=extreme vehicle_count outlier (>= 5000)
2026-08-15 17:38:44,703 | WARNING | QUARANTINE | record_id=3450 | reason=negative vehicle_count
2026-08-15 17:38:44,721 | WARNING | QUARANTINE | record_id=3459 | reason=NULL or blank camera_node_id
2026-08-15 17:38:44,731 | WARNING | QUARANTINE | record_id=3465 | reason=NULL or blank camera_node_id
2026-08-15 17:38:44,734 | WARNING | QUARANTINE | record_id=3469 | reason=NULL or blank camera_node_id
2026-08-15 17:38:44,737 | WARNING | QUARANTINE | record_id=3473 | reason=NULL or blank camera_node_id
2026-08-15 17:38:44,743 | WARNING | QUARANTINE | record_id=3480 | reason=NULL or blank camera_node_id
2026-08-15 17:38:44,748 | WARNING | QUARANTINE | record_id=3486 | reason=NULL or blank camera_node_id
2026-08-15 17:38:44,753 | WARNING | QUARANTINE | record_id=3493 | reason=NULL or blank camera_node_id
2026-08-15 17:38:44,755 | WARNING | QUARANTINE | record_id=3496 | reason=negative vehicle_count
2026-08-15 17:38:44,761 | WARNING | QUARANTINE | record_id=3504 | reason=negative vehicle_count
2026-08-15 17:38:44,764 | WARNING | QUARANTINE | record_id=3510 | reason=negative vehicle_count
2026-08-15 17:38:44,795 | WARNING | QUARANTINE | record_id=3548 | reason=NULL or blank camera_node_id
2026-08-15 17:38:44,811 | WARNING | QUARANTINE | record_id=3557 | reason=NULL or blank camera_node_id
2026-08-15 17:38:44,818 | WARNING | QUARANTINE | record_id=3562 | reason=NULL or blank camera_node_id
2026-08-15 17:38:44,870 | WARNING | QUARANTINE | record_id=3607 | reason=NULL or blank camera_node_id
2026-08-15 17:38:44,889 | WARNING | QUARANTINE | record_id=3622 | reason=extreme vehicle_count outlier (>= 5000)
2026-08-15 17:38:44,896 | WARNING | QUARANTINE | record_id=3631 | reason=NULL or blank camera_node_id
2026-08-15 17:38:44,899 | WARNING | QUARANTINE | record_id=3636 | reason=negative vehicle_count
2026-08-15 17:38:44,904 | WARNING | QUARANTINE | record_id=3643 | reason=negative vehicle_count
2026-08-15 17:38:44,908 | WARNING | QUARANTINE | record_id=3650 | reason=NULL or blank camera_node_id
2026-08-15 17:38:44,910 | WARNING | QUARANTINE | record_id=3653 | reason=NULL or blank camera_node_id
2026-08-15 17:38:44,920 | WARNING | QUARANTINE | record_id=3668 | reason=NULL or blank camera_node_id
2026-08-15 17:38:44,925 | WARNING | QUARANTINE | record_id=3677 | reason=NULL or blank camera_node_id
2026-08-15 17:38:44,934 | WARNING | QUARANTINE | record_id=3690 | reason=NULL or blank camera_node_id
2026-08-15 17:38:44,937 | WARNING | QUARANTINE | record_id=3694 | reason=negative vehicle_count
2026-08-15 17:38:44,939 | WARNING | QUARANTINE | record_id=3698 | reason=NULL or blank camera_node_id
2026-08-15 17:38:44,966 | WARNING | QUARANTINE | record_id=3739 | reason=negative vehicle_count
2026-08-15 17:38:44,973 | WARNING | QUARANTINE | record_id=3749 | reason=negative vehicle_count
2026-08-15 17:38:44,975 | WARNING | QUARANTINE | record_id=3754 | reason=extreme vehicle_count outlier (>= 5000)
2026-08-15 17:38:44,982 | WARNING | QUARANTINE | record_id=3766 | reason=negative vehicle_count
2026-08-15 17:38:44,983 | WARNING | QUARANTINE | record_id=3768 | reason=negative vehicle_count
2026-08-15 17:38:44,989 | WARNING | QUARANTINE | record_id=3780 | reason=NULL or blank camera_node_id
2026-08-15 17:38:44,995 | WARNING | QUARANTINE | record_id=3790 | reason=extreme vehicle_count outlier (>= 5000)
2026-08-15 17:38:44,999 | WARNING | QUARANTINE | record_id=3797 | reason=extreme vehicle_count outlier (>= 5000)
2026-08-15 17:38:45,006 | WARNING | QUARANTINE | record_id=3810 | reason=negative vehicle_count
2026-08-15 17:38:45,014 | WARNING | QUARANTINE | record_id=3824 | reason=NULL or blank camera_node_id
2026-08-15 17:38:45,024 | WARNING | QUARANTINE | record_id=3840 | reason=extreme vehicle_count outlier (>= 5000)
2026-08-15 17:38:45,037 | WARNING | QUARANTINE | record_id=3857 | reason=extreme vehicle_count outlier (>= 5000)
2026-08-15 17:38:45,038 | WARNING | QUARANTINE | record_id=3858 | reason=NULL or blank camera_node_id
2026-08-15 17:38:45,038 | WARNING | QUARANTINE | record_id=3860 | reason=negative vehicle_count
2026-08-15 17:38:45,039 | WARNING | QUARANTINE | record_id=3862 | reason=NULL or blank camera_node_id
2026-08-15 17:38:45,046 | WARNING | QUARANTINE | record_id=3874 | reason=NULL or blank camera_node_id
2026-08-15 17:38:45,046 | WARNING | QUARANTINE | record_id=3875 | reason=NULL or blank camera_node_id
2026-08-15 17:38:45,051 | WARNING | QUARANTINE | record_id=3879 | reason=negative vehicle_count
2026-08-15 17:38:45,055 | WARNING | QUARANTINE | record_id=3882 | reason=NULL or blank camera_node_id
2026-08-15 17:38:45,068 | WARNING | QUARANTINE | record_id=3895 | reason=NULL or blank camera_node_id
2026-08-15 17:38:45,092 | WARNING | QUARANTINE | record_id=3934 | reason=negative vehicle_count
2026-08-15 17:38:45,094 | WARNING | QUARANTINE | record_id=3938 | reason=negative vehicle_count
2026-08-15 17:38:45,098 | WARNING | QUARANTINE | record_id=3945 | reason=NULL or blank camera_node_id
2026-08-15 17:38:45,101 | WARNING | QUARANTINE | record_id=3952 | reason=NULL or blank camera_node_id
2026-08-15 17:38:45,106 | WARNING | QUARANTINE | record_id=3961 | reason=NULL or blank camera_node_id
2026-08-15 17:38:45,110 | WARNING | QUARANTINE | record_id=3968 | reason=NULL or blank camera_node_id
2026-08-15 17:38:45,110 | WARNING | QUARANTINE | record_id=3969 | reason=NULL or blank camera_node_id
2026-08-15 17:38:45,120 | WARNING | QUARANTINE | record_id=3986 | reason=NULL or blank camera_node_id
2026-08-15 17:38:45,123 | WARNING | QUARANTINE | record_id=3992 | reason=NULL or blank camera_node_id
2026-08-15 17:38:45,141 | INFO | VALIDATION | valid_rows=3600 | quarantined_rows=400
2026-08-15 17:38:45,162 | INFO | QUARANTINE_WRITE | path=D:\UPHD\4TH YR\1st sem\mini_project\AngDelaPena_prelim_project\quarantine\null_sensor_nodes.csv | rows=400
2026-08-15 17:38:45,324 | ERROR | PIPELINE_FAILURE
Traceback (most recent call last):
  File "D:\UPHD\4TH YR\1st sem\mini_project\angdelapena_prelim_project\traffic_orchestrator.py", line 219, in run_pipeline
    write_parquet(aggregated)
    ~~~~~~~~~~~~~^^^^^^^^^^^^
  File "D:\UPHD\4TH YR\1st sem\mini_project\angdelapena_prelim_project\traffic_orchestrator.py", line 190, in write_parquet
    aggregated.to_parquet(
    ~~~~~~~~~~~~~~~~~~~~~^
        OUTPUT_DIR,
        ^^^^^^^^^^^
    ...<8 lines>...
        ],
        ^^
    )
    ^
  File "D:\UPHD\4TH YR\1st sem\mini_project\angdelapena_prelim_project\.venv\Lib\site-packages\pandas\util\_decorators.py", line 333, in wrapper
    return func(*args, **kwargs)
  File "D:\UPHD\4TH YR\1st sem\mini_project\angdelapena_prelim_project\.venv\Lib\site-packages\pandas\core\frame.py", line 3118, in to_parquet
    return to_parquet(
        self,
    ...<6 lines>...
        **kwargs,
    )
  File "D:\UPHD\4TH YR\1st sem\mini_project\angdelapena_prelim_project\.venv\Lib\site-packages\pandas\io\parquet.py", line 482, in to_parquet
    impl.write(
    ~~~~~~~~~~^
        df,
        ^^^
    ...<6 lines>...
        **kwargs,
        ^^^^^^^^^
    )
    ^
  File "D:\UPHD\4TH YR\1st sem\mini_project\angdelapena_prelim_project\.venv\Lib\site-packages\pandas\io\parquet.py", line 219, in write
    self.api.parquet.write_to_dataset(
    ~~~~~~~~~~~~~~~~~~~~~~~~~~~~~~~~~^
        table,
        ^^^^^^
    ...<4 lines>...
        **kwargs,
        ^^^^^^^^^
    )
    ^
  File "D:\UPHD\4TH YR\1st sem\mini_project\angdelapena_prelim_project\.venv\Lib\site-packages\pyarrow\parquet\core.py", line 2219, in write_to_dataset
    ds.write_dataset(
    ~~~~~~~~~~~~~~~~^
        table, root_path, filesystem=filesystem,
        ^^^^^^^^^^^^^^^^^^^^^^^^^^^^^^^^^^^^^^^^
    ...<4 lines>...
        existing_data_behavior=existing_data_behavior,
        ^^^^^^^^^^^^^^^^^^^^^^^^^^^^^^^^^^^^^^^^^^^^^^
        **write_dataset_kwargs)
        ^^^^^^^^^^^^^^^^^^^^^^^
  File "D:\UPHD\4TH YR\1st sem\mini_project\angdelapena_prelim_project\.venv\Lib\site-packages\pyarrow\dataset.py", line 1035, in write_dataset
    _filesystemdataset_write(
    ~~~~~~~~~~~~~~~~~~~~~~~~^
        scanner, base_dir, basename_template, filesystem, partitioning,
        ^^^^^^^^^^^^^^^^^^^^^^^^^^^^^^^^^^^^^^^^^^^^^^^^^^^^^^^^^^^^^^^
    ...<2 lines>...
        min_rows_per_group, max_rows_per_group, create_dir
        ^^^^^^^^^^^^^^^^^^^^^^^^^^^^^^^^^^^^^^^^^^^^^^^^^^
    )
    ^
  File "pyarrow\\_dataset.pyx", line 4147, in pyarrow._dataset._filesystemdataset_write
  File "pyarrow\\error.pxi", line 92, in pyarrow.lib.check_status
pyarrow.lib.ArrowInvalid: Fragment would be written into 1661 partitions. This exceeds the maximum of 1024
2026-08-15 17:43:25,839 | INFO | PIPELINE_START
2026-08-15 17:43:25,871 | INFO | EXTRACT | rows=4000 | source_sha256=26e87762f0c481e1fef90f5a2fb8db7bb28987e25e9b54c749763dfa919d5069
2026-08-15 17:43:25,923 | WARNING | QUARANTINE | record_id=1 | reason=negative vehicle_count
2026-08-15 17:43:25,979 | WARNING | QUARANTINE | record_id=46 | reason=negative vehicle_count
2026-08-15 17:43:25,982 | WARNING | QUARANTINE | record_id=50 | reason=negative vehicle_count
2026-08-15 17:43:25,987 | WARNING | QUARANTINE | record_id=58 | reason=NULL or blank camera_node_id
2026-08-15 17:43:25,993 | WARNING | QUARANTINE | record_id=67 | reason=NULL or blank camera_node_id
2026-08-15 17:43:25,994 | WARNING | QUARANTINE | record_id=70 | reason=NULL or blank camera_node_id
2026-08-15 17:43:26,004 | WARNING | QUARANTINE | record_id=77 | reason=negative vehicle_count
2026-08-15 17:43:26,012 | WARNING | QUARANTINE | record_id=81 | reason=NULL or blank camera_node_id
2026-08-15 17:43:26,021 | WARNING | QUARANTINE | record_id=93 | reason=negative vehicle_count
2026-08-15 17:43:26,035 | WARNING | QUARANTINE | record_id=113 | reason=NULL or blank camera_node_id
2026-08-15 17:43:26,059 | WARNING | QUARANTINE | record_id=133 | reason=negative vehicle_count
2026-08-15 17:43:26,067 | WARNING | QUARANTINE | record_id=145 | reason=NULL or blank camera_node_id
2026-08-15 17:43:26,070 | WARNING | QUARANTINE | record_id=151 | reason=extreme vehicle_count outlier (>= 5000)
2026-08-15 17:43:26,090 | WARNING | QUARANTINE | record_id=162 | reason=NULL or blank camera_node_id
2026-08-15 17:43:26,108 | WARNING | QUARANTINE | record_id=180 | reason=negative vehicle_count
2026-08-15 17:43:26,117 | WARNING | QUARANTINE | record_id=189 | reason=NULL or blank camera_node_id
2026-08-15 17:43:26,117 | WARNING | QUARANTINE | record_id=190 | reason=extreme vehicle_count outlier (>= 5000)
2026-08-15 17:43:26,123 | WARNING | QUARANTINE | record_id=195 | reason=negative vehicle_count
2026-08-15 17:43:26,149 | WARNING | QUARANTINE | record_id=211 | reason=negative vehicle_count
2026-08-15 17:43:26,154 | WARNING | QUARANTINE | record_id=219 | reason=extreme vehicle_count outlier (>= 5000)
2026-08-15 17:43:26,154 | WARNING | QUARANTINE | record_id=220 | reason=NULL or blank camera_node_id
2026-08-15 17:43:26,173 | WARNING | QUARANTINE | record_id=239 | reason=negative vehicle_count
2026-08-15 17:43:26,178 | WARNING | QUARANTINE | record_id=243 | reason=NULL or blank camera_node_id
2026-08-15 17:43:26,195 | WARNING | QUARANTINE | record_id=264 | reason=NULL or blank camera_node_id
2026-08-15 17:43:26,199 | WARNING | QUARANTINE | record_id=267 | reason=NULL or blank camera_node_id
2026-08-15 17:43:26,386 | WARNING | QUARANTINE | record_id=284 | reason=extreme vehicle_count outlier (>= 5000)
2026-08-15 17:43:26,423 | WARNING | QUARANTINE | record_id=302 | reason=NULL or blank camera_node_id
2026-08-15 17:43:26,424 | WARNING | QUARANTINE | record_id=303 | reason=extreme vehicle_count outlier (>= 5000)
2026-08-15 17:43:26,438 | WARNING | QUARANTINE | record_id=312 | reason=negative vehicle_count
2026-08-15 17:43:26,457 | WARNING | QUARANTINE | record_id=321 | reason=NULL or blank camera_node_id
2026-08-15 17:43:26,505 | WARNING | QUARANTINE | record_id=344 | reason=NULL or blank camera_node_id
2026-08-15 17:43:26,516 | WARNING | QUARANTINE | record_id=350 | reason=negative vehicle_count
2026-08-15 17:43:26,521 | WARNING | QUARANTINE | record_id=353 | reason=extreme vehicle_count outlier (>= 5000)
2026-08-15 17:43:26,526 | WARNING | QUARANTINE | record_id=356 | reason=NULL or blank camera_node_id
2026-08-15 17:43:26,550 | WARNING | QUARANTINE | record_id=373 | reason=negative vehicle_count
2026-08-15 17:43:26,552 | WARNING | QUARANTINE | record_id=376 | reason=extreme vehicle_count outlier (>= 5000)
2026-08-15 17:43:26,615 | WARNING | QUARANTINE | record_id=410 | reason=NULL or blank camera_node_id
2026-08-15 17:43:26,647 | WARNING | QUARANTINE | record_id=427 | reason=negative vehicle_count
2026-08-15 17:43:26,655 | WARNING | QUARANTINE | record_id=431 | reason=negative vehicle_count
2026-08-15 17:43:26,658 | WARNING | QUARANTINE | record_id=433 | reason=extreme vehicle_count outlier (>= 5000)
2026-08-15 17:43:26,681 | WARNING | QUARANTINE | record_id=445 | reason=negative vehicle_count
2026-08-15 17:43:26,682 | WARNING | QUARANTINE | record_id=446 | reason=negative vehicle_count
2026-08-15 17:43:26,714 | WARNING | QUARANTINE | record_id=458 | reason=NULL or blank camera_node_id
2026-08-15 17:43:26,760 | WARNING | QUARANTINE | record_id=472 | reason=extreme vehicle_count outlier (>= 5000)
2026-08-15 17:43:26,773 | WARNING | QUARANTINE | record_id=481 | reason=extreme vehicle_count outlier (>= 5000)
2026-08-15 17:43:26,809 | WARNING | QUARANTINE | record_id=500 | reason=NULL or blank camera_node_id
2026-08-15 17:43:26,856 | WARNING | QUARANTINE | record_id=526 | reason=NULL or blank camera_node_id
2026-08-15 17:43:26,857 | WARNING | QUARANTINE | record_id=527 | reason=NULL or blank camera_node_id
2026-08-15 17:43:26,866 | WARNING | QUARANTINE | record_id=532 | reason=extreme vehicle_count outlier (>= 5000)
2026-08-15 17:43:26,887 | WARNING | QUARANTINE | record_id=548 | reason=NULL or blank camera_node_id
2026-08-15 17:43:26,905 | WARNING | QUARANTINE | record_id=558 | reason=negative vehicle_count
2026-08-15 17:43:26,977 | WARNING | QUARANTINE | record_id=601 | reason=NULL or blank camera_node_id
2026-08-15 17:43:26,988 | WARNING | QUARANTINE | record_id=611 | reason=NULL or blank camera_node_id
2026-08-15 17:43:27,008 | WARNING | QUARANTINE | record_id=621 | reason=NULL or blank camera_node_id
2026-08-15 17:43:27,056 | WARNING | QUARANTINE | record_id=652 | reason=NULL or blank camera_node_id
2026-08-15 17:43:27,079 | WARNING | QUARANTINE | record_id=664 | reason=NULL or blank camera_node_id
2026-08-15 17:43:27,110 | WARNING | QUARANTINE | record_id=680 | reason=NULL or blank camera_node_id
2026-08-15 17:43:27,119 | WARNING | QUARANTINE | record_id=686 | reason=NULL or blank camera_node_id
2026-08-15 17:43:27,126 | WARNING | QUARANTINE | record_id=690 | reason=negative vehicle_count
2026-08-15 17:43:27,133 | WARNING | QUARANTINE | record_id=694 | reason=extreme vehicle_count outlier (>= 5000)
2026-08-15 17:43:27,133 | WARNING | QUARANTINE | record_id=695 | reason=NULL or blank camera_node_id
2026-08-15 17:43:27,160 | WARNING | QUARANTINE | record_id=712 | reason=negative vehicle_count
2026-08-15 17:43:27,174 | WARNING | QUARANTINE | record_id=720 | reason=NULL or blank camera_node_id
2026-08-15 17:43:27,209 | WARNING | QUARANTINE | record_id=740 | reason=NULL or blank camera_node_id
2026-08-15 17:43:27,259 | WARNING | QUARANTINE | record_id=769 | reason=extreme vehicle_count outlier (>= 5000)
2026-08-15 17:43:27,264 | WARNING | QUARANTINE | record_id=774 | reason=negative vehicle_count
2026-08-15 17:43:27,291 | WARNING | QUARANTINE | record_id=782 | reason=NULL or blank camera_node_id
2026-08-15 17:43:27,452 | WARNING | QUARANTINE | record_id=806 | reason=NULL or blank camera_node_id
2026-08-15 17:43:27,479 | WARNING | QUARANTINE | record_id=814 | reason=negative vehicle_count
2026-08-15 17:43:27,500 | WARNING | QUARANTINE | record_id=824 | reason=negative vehicle_count
2026-08-15 17:43:27,523 | WARNING | QUARANTINE | record_id=830 | reason=NULL or blank camera_node_id
2026-08-15 17:43:27,556 | WARNING | QUARANTINE | record_id=841 | reason=NULL or blank camera_node_id
2026-08-15 17:43:27,566 | WARNING | QUARANTINE | record_id=845 | reason=NULL or blank camera_node_id
2026-08-15 17:43:27,594 | WARNING | QUARANTINE | record_id=858 | reason=negative vehicle_count
2026-08-15 17:43:27,596 | WARNING | QUARANTINE | record_id=861 | reason=NULL or blank camera_node_id
2026-08-15 17:43:27,605 | WARNING | QUARANTINE | record_id=866 | reason=NULL or blank camera_node_id
2026-08-15 17:43:27,605 | WARNING | QUARANTINE | record_id=867 | reason=NULL or blank camera_node_id
2026-08-15 17:43:27,611 | WARNING | QUARANTINE | record_id=872 | reason=NULL or blank camera_node_id
2026-08-15 17:43:27,613 | WARNING | QUARANTINE | record_id=874 | reason=negative vehicle_count
2026-08-15 17:43:27,665 | WARNING | QUARANTINE | record_id=903 | reason=NULL or blank camera_node_id
2026-08-15 17:43:27,665 | WARNING | QUARANTINE | record_id=904 | reason=NULL or blank camera_node_id
2026-08-15 17:43:27,688 | WARNING | QUARANTINE | record_id=920 | reason=NULL or blank camera_node_id
2026-08-15 17:43:27,688 | WARNING | QUARANTINE | record_id=921 | reason=NULL or blank camera_node_id
2026-08-15 17:43:27,716 | WARNING | QUARANTINE | record_id=937 | reason=negative vehicle_count
2026-08-15 17:43:27,741 | WARNING | QUARANTINE | record_id=953 | reason=negative vehicle_count
2026-08-15 17:43:27,753 | WARNING | QUARANTINE | record_id=963 | reason=extreme vehicle_count outlier (>= 5000)
2026-08-15 17:43:27,755 | WARNING | QUARANTINE | record_id=965 | reason=NULL or blank camera_node_id
2026-08-15 17:43:27,774 | WARNING | QUARANTINE | record_id=981 | reason=extreme vehicle_count outlier (>= 5000)
2026-08-15 17:43:27,818 | WARNING | QUARANTINE | record_id=1011 | reason=negative vehicle_count
2026-08-15 17:43:27,819 | WARNING | QUARANTINE | record_id=1014 | reason=extreme vehicle_count outlier (>= 5000)
2026-08-15 17:43:27,841 | WARNING | QUARANTINE | record_id=1031 | reason=negative vehicle_count
2026-08-15 17:43:27,856 | WARNING | QUARANTINE | record_id=1042 | reason=negative vehicle_count
2026-08-15 17:43:27,870 | WARNING | QUARANTINE | record_id=1050 | reason=negative vehicle_count
2026-08-15 17:43:27,881 | WARNING | QUARANTINE | record_id=1059 | reason=extreme vehicle_count outlier (>= 5000)
2026-08-15 17:43:27,891 | WARNING | QUARANTINE | record_id=1065 | reason=negative vehicle_count
2026-08-15 17:43:27,902 | WARNING | QUARANTINE | record_id=1071 | reason=extreme vehicle_count outlier (>= 5000)
2026-08-15 17:43:27,918 | WARNING | QUARANTINE | record_id=1082 | reason=NULL or blank camera_node_id
2026-08-15 17:43:27,920 | WARNING | QUARANTINE | record_id=1084 | reason=negative vehicle_count
2026-08-15 17:43:27,923 | WARNING | QUARANTINE | record_id=1086 | reason=NULL or blank camera_node_id
2026-08-15 17:43:27,923 | WARNING | QUARANTINE | record_id=1087 | reason=NULL or blank camera_node_id
2026-08-15 17:43:27,950 | WARNING | QUARANTINE | record_id=1103 | reason=negative vehicle_count
2026-08-15 17:43:27,979 | WARNING | QUARANTINE | record_id=1118 | reason=NULL or blank camera_node_id
2026-08-15 17:43:27,984 | WARNING | QUARANTINE | record_id=1122 | reason=NULL or blank camera_node_id
2026-08-15 17:43:28,020 | WARNING | QUARANTINE | record_id=1141 | reason=negative vehicle_count
2026-08-15 17:43:28,029 | WARNING | QUARANTINE | record_id=1146 | reason=NULL or blank camera_node_id
2026-08-15 17:43:28,040 | WARNING | QUARANTINE | record_id=1152 | reason=NULL or blank camera_node_id
2026-08-15 17:43:28,045 | WARNING | QUARANTINE | record_id=1156 | reason=NULL or blank camera_node_id
2026-08-15 17:43:28,046 | WARNING | QUARANTINE | record_id=1158 | reason=extreme vehicle_count outlier (>= 5000)
2026-08-15 17:43:28,056 | WARNING | QUARANTINE | record_id=1165 | reason=extreme vehicle_count outlier (>= 5000)
2026-08-15 17:43:28,058 | WARNING | QUARANTINE | record_id=1169 | reason=extreme vehicle_count outlier (>= 5000)
2026-08-15 17:43:28,058 | WARNING | QUARANTINE | record_id=1170 | reason=NULL or blank camera_node_id
2026-08-15 17:43:28,059 | WARNING | QUARANTINE | record_id=1171 | reason=negative vehicle_count
2026-08-15 17:43:28,059 | WARNING | QUARANTINE | record_id=1172 | reason=negative vehicle_count
2026-08-15 17:43:28,070 | WARNING | QUARANTINE | record_id=1177 | reason=negative vehicle_count
2026-08-15 17:43:28,079 | WARNING | QUARANTINE | record_id=1185 | reason=NULL or blank camera_node_id
2026-08-15 17:43:28,090 | WARNING | QUARANTINE | record_id=1191 | reason=extreme vehicle_count outlier (>= 5000)
2026-08-15 17:43:28,091 | WARNING | QUARANTINE | record_id=1193 | reason=NULL or blank camera_node_id
2026-08-15 17:43:28,111 | WARNING | QUARANTINE | record_id=1207 | reason=negative vehicle_count
2026-08-15 17:43:28,145 | WARNING | QUARANTINE | record_id=1227 | reason=negative vehicle_count
2026-08-15 17:43:28,146 | WARNING | QUARANTINE | record_id=1229 | reason=NULL or blank camera_node_id
2026-08-15 17:43:28,179 | WARNING | QUARANTINE | record_id=1243 | reason=extreme vehicle_count outlier (>= 5000)
2026-08-15 17:43:28,206 | WARNING | QUARANTINE | record_id=1254 | reason=extreme vehicle_count outlier (>= 5000)
2026-08-15 17:43:28,242 | WARNING | QUARANTINE | record_id=1267 | reason=negative vehicle_count
2026-08-15 17:43:28,268 | WARNING | QUARANTINE | record_id=1284 | reason=negative vehicle_count
2026-08-15 17:43:28,279 | WARNING | QUARANTINE | record_id=1289 | reason=extreme vehicle_count outlier (>= 5000)
2026-08-15 17:43:28,281 | WARNING | QUARANTINE | record_id=1291 | reason=extreme vehicle_count outlier (>= 5000)
2026-08-15 17:43:28,294 | WARNING | QUARANTINE | record_id=1299 | reason=NULL or blank camera_node_id
2026-08-15 17:43:28,299 | WARNING | QUARANTINE | record_id=1302 | reason=NULL or blank camera_node_id
2026-08-15 17:43:28,302 | WARNING | QUARANTINE | record_id=1305 | reason=extreme vehicle_count outlier (>= 5000)
2026-08-15 17:43:28,327 | WARNING | QUARANTINE | record_id=1321 | reason=NULL or blank camera_node_id
2026-08-15 17:43:28,327 | WARNING | QUARANTINE | record_id=1322 | reason=extreme vehicle_count outlier (>= 5000)
2026-08-15 17:43:28,352 | WARNING | QUARANTINE | record_id=1340 | reason=NULL or blank camera_node_id
2026-08-15 17:43:28,357 | WARNING | QUARANTINE | record_id=1343 | reason=extreme vehicle_count outlier (>= 5000)
2026-08-15 17:43:28,361 | WARNING | QUARANTINE | record_id=1346 | reason=NULL or blank camera_node_id
2026-08-15 17:43:28,362 | WARNING | QUARANTINE | record_id=1348 | reason=extreme vehicle_count outlier (>= 5000)
2026-08-15 17:43:28,387 | WARNING | QUARANTINE | record_id=1367 | reason=negative vehicle_count
2026-08-15 17:43:28,390 | WARNING | QUARANTINE | record_id=1370 | reason=NULL or blank camera_node_id
2026-08-15 17:43:28,395 | WARNING | QUARANTINE | record_id=1373 | reason=NULL or blank camera_node_id
2026-08-15 17:43:28,407 | WARNING | QUARANTINE | record_id=1378 | reason=NULL or blank camera_node_id
2026-08-15 17:43:28,424 | WARNING | QUARANTINE | record_id=1389 | reason=NULL or blank camera_node_id
2026-08-15 17:43:28,430 | WARNING | QUARANTINE | record_id=1393 | reason=NULL or blank camera_node_id
2026-08-15 17:43:28,458 | WARNING | QUARANTINE | record_id=1403 | reason=negative vehicle_count
2026-08-15 17:43:28,483 | WARNING | QUARANTINE | record_id=1411 | reason=negative vehicle_count
2026-08-15 17:43:28,493 | WARNING | QUARANTINE | record_id=1414 | reason=negative vehicle_count
2026-08-15 17:43:28,527 | WARNING | QUARANTINE | record_id=1426 | reason=NULL or blank camera_node_id
2026-08-15 17:43:28,528 | WARNING | QUARANTINE | record_id=1428 | reason=NULL or blank camera_node_id
2026-08-15 17:43:28,548 | WARNING | QUARANTINE | record_id=1437 | reason=negative vehicle_count
2026-08-15 17:43:28,591 | WARNING | QUARANTINE | record_id=1450 | reason=NULL or blank camera_node_id
2026-08-15 17:43:28,613 | WARNING | QUARANTINE | record_id=1464 | reason=extreme vehicle_count outlier (>= 5000)
2026-08-15 17:43:28,624 | WARNING | QUARANTINE | record_id=1470 | reason=negative vehicle_count
2026-08-15 17:43:28,635 | WARNING | QUARANTINE | record_id=1474 | reason=NULL or blank camera_node_id
2026-08-15 17:43:28,676 | WARNING | QUARANTINE | record_id=1496 | reason=negative vehicle_count
2026-08-15 17:43:28,713 | WARNING | QUARANTINE | record_id=1519 | reason=NULL or blank camera_node_id
2026-08-15 17:43:28,716 | WARNING | QUARANTINE | record_id=1521 | reason=NULL or blank camera_node_id
2026-08-15 17:43:28,746 | WARNING | QUARANTINE | record_id=1540 | reason=extreme vehicle_count outlier (>= 5000)
2026-08-15 17:43:28,761 | WARNING | QUARANTINE | record_id=1553 | reason=extreme vehicle_count outlier (>= 5000)
2026-08-15 17:43:28,771 | WARNING | QUARANTINE | record_id=1561 | reason=NULL or blank camera_node_id
2026-08-15 17:43:28,785 | WARNING | QUARANTINE | record_id=1574 | reason=extreme vehicle_count outlier (>= 5000)
2026-08-15 17:43:28,825 | WARNING | QUARANTINE | record_id=1600 | reason=negative vehicle_count
2026-08-15 17:43:28,831 | WARNING | QUARANTINE | record_id=1606 | reason=NULL or blank camera_node_id
2026-08-15 17:43:28,874 | WARNING | QUARANTINE | record_id=1640 | reason=extreme vehicle_count outlier (>= 5000)
2026-08-15 17:43:28,885 | WARNING | QUARANTINE | record_id=1649 | reason=negative vehicle_count
2026-08-15 17:43:28,909 | WARNING | QUARANTINE | record_id=1661 | reason=extreme vehicle_count outlier (>= 5000)
2026-08-15 17:43:28,920 | WARNING | QUARANTINE | record_id=1669 | reason=NULL or blank camera_node_id
2026-08-15 17:43:28,933 | WARNING | QUARANTINE | record_id=1677 | reason=NULL or blank camera_node_id
2026-08-15 17:43:28,944 | WARNING | QUARANTINE | record_id=1685 | reason=NULL or blank camera_node_id
2026-08-15 17:43:28,957 | WARNING | QUARANTINE | record_id=1695 | reason=extreme vehicle_count outlier (>= 5000)
2026-08-15 17:43:28,961 | WARNING | QUARANTINE | record_id=1698 | reason=negative vehicle_count
2026-08-15 17:43:28,992 | WARNING | QUARANTINE | record_id=1713 | reason=negative vehicle_count
2026-08-15 17:43:29,006 | WARNING | QUARANTINE | record_id=1722 | reason=extreme vehicle_count outlier (>= 5000)
2026-08-15 17:43:29,040 | WARNING | QUARANTINE | record_id=1744 | reason=NULL or blank camera_node_id
2026-08-15 17:43:29,059 | WARNING | QUARANTINE | record_id=1757 | reason=NULL or blank camera_node_id
2026-08-15 17:43:29,067 | WARNING | QUARANTINE | record_id=1763 | reason=negative vehicle_count
2026-08-15 17:43:29,145 | WARNING | QUARANTINE | record_id=1805 | reason=NULL or blank camera_node_id
2026-08-15 17:43:29,149 | WARNING | QUARANTINE | record_id=1812 | reason=NULL or blank camera_node_id
2026-08-15 17:43:29,155 | WARNING | QUARANTINE | record_id=1815 | reason=extreme vehicle_count outlier (>= 5000)
2026-08-15 17:43:29,158 | WARNING | QUARANTINE | record_id=1818 | reason=extreme vehicle_count outlier (>= 5000)
2026-08-15 17:43:29,173 | WARNING | QUARANTINE | record_id=1830 | reason=NULL or blank camera_node_id
2026-08-15 17:43:29,206 | WARNING | QUARANTINE | record_id=1845 | reason=NULL or blank camera_node_id
2026-08-15 17:43:29,244 | WARNING | QUARANTINE | record_id=1862 | reason=NULL or blank camera_node_id
2026-08-15 17:43:29,260 | WARNING | QUARANTINE | record_id=1867 | reason=negative vehicle_count
2026-08-15 17:43:29,277 | WARNING | QUARANTINE | record_id=1875 | reason=negative vehicle_count
2026-08-15 17:43:29,277 | WARNING | QUARANTINE | record_id=1876 | reason=extreme vehicle_count outlier (>= 5000)
2026-08-15 17:43:29,291 | WARNING | QUARANTINE | record_id=1882 | reason=negative vehicle_count
2026-08-15 17:43:29,315 | WARNING | QUARANTINE | record_id=1890 | reason=NULL or blank camera_node_id
2026-08-15 17:43:29,328 | WARNING | QUARANTINE | record_id=1893 | reason=NULL or blank camera_node_id
2026-08-15 17:43:29,372 | WARNING | QUARANTINE | record_id=1906 | reason=NULL or blank camera_node_id
2026-08-15 17:43:29,377 | WARNING | QUARANTINE | record_id=1910 | reason=extreme vehicle_count outlier (>= 5000)
2026-08-15 17:43:29,480 | WARNING | QUARANTINE | record_id=1959 | reason=NULL or blank camera_node_id
2026-08-15 17:43:29,497 | WARNING | QUARANTINE | record_id=1970 | reason=extreme vehicle_count outlier (>= 5000)
2026-08-15 17:43:29,503 | WARNING | QUARANTINE | record_id=1973 | reason=extreme vehicle_count outlier (>= 5000)
2026-08-15 17:43:29,511 | WARNING | QUARANTINE | record_id=1978 | reason=NULL or blank camera_node_id
2026-08-15 17:43:29,526 | WARNING | QUARANTINE | record_id=1989 | reason=negative vehicle_count
2026-08-15 17:43:29,531 | WARNING | QUARANTINE | record_id=1992 | reason=NULL or blank camera_node_id
2026-08-15 17:43:29,542 | WARNING | QUARANTINE | record_id=1999 | reason=NULL or blank camera_node_id
2026-08-15 17:43:29,570 | WARNING | QUARANTINE | record_id=2012 | reason=negative vehicle_count
2026-08-15 17:43:29,603 | WARNING | QUARANTINE | record_id=2030 | reason=NULL or blank camera_node_id
2026-08-15 17:43:29,603 | WARNING | QUARANTINE | record_id=2031 | reason=NULL or blank camera_node_id
2026-08-15 17:43:29,605 | WARNING | QUARANTINE | record_id=2033 | reason=NULL or blank camera_node_id
2026-08-15 17:43:29,638 | WARNING | QUARANTINE | record_id=2050 | reason=NULL or blank camera_node_id
2026-08-15 17:43:29,649 | WARNING | QUARANTINE | record_id=2057 | reason=NULL or blank camera_node_id
2026-08-15 17:43:29,650 | WARNING | QUARANTINE | record_id=2059 | reason=NULL or blank camera_node_id
2026-08-15 17:43:29,674 | WARNING | QUARANTINE | record_id=2074 | reason=extreme vehicle_count outlier (>= 5000)
2026-08-15 17:43:29,681 | WARNING | QUARANTINE | record_id=2079 | reason=NULL or blank camera_node_id
2026-08-15 17:43:29,737 | WARNING | QUARANTINE | record_id=2107 | reason=negative vehicle_count
2026-08-15 17:43:29,745 | WARNING | QUARANTINE | record_id=2113 | reason=NULL or blank camera_node_id
2026-08-15 17:43:29,759 | WARNING | QUARANTINE | record_id=2121 | reason=NULL or blank camera_node_id
2026-08-15 17:43:29,793 | WARNING | QUARANTINE | record_id=2140 | reason=NULL or blank camera_node_id
2026-08-15 17:43:29,799 | WARNING | QUARANTINE | record_id=2144 | reason=negative vehicle_count
2026-08-15 17:43:29,806 | WARNING | QUARANTINE | record_id=2149 | reason=extreme vehicle_count outlier (>= 5000)
2026-08-15 17:43:29,821 | WARNING | QUARANTINE | record_id=2158 | reason=negative vehicle_count
2026-08-15 17:43:29,827 | WARNING | QUARANTINE | record_id=2162 | reason=NULL or blank camera_node_id
2026-08-15 17:43:29,857 | WARNING | QUARANTINE | record_id=2186 | reason=extreme vehicle_count outlier (>= 5000)
2026-08-15 17:43:29,857 | WARNING | QUARANTINE | record_id=2187 | reason=extreme vehicle_count outlier (>= 5000)
2026-08-15 17:43:29,860 | WARNING | QUARANTINE | record_id=2190 | reason=negative vehicle_count
2026-08-15 17:43:29,929 | WARNING | QUARANTINE | record_id=2227 | reason=negative vehicle_count
2026-08-15 17:43:29,946 | WARNING | QUARANTINE | record_id=2236 | reason=negative vehicle_count
2026-08-15 17:43:30,032 | WARNING | QUARANTINE | record_id=2265 | reason=negative vehicle_count
2026-08-15 17:43:30,079 | WARNING | QUARANTINE | record_id=2292 | reason=NULL or blank camera_node_id
2026-08-15 17:43:30,135 | WARNING | QUARANTINE | record_id=2310 | reason=NULL or blank camera_node_id
2026-08-15 17:43:30,149 | WARNING | QUARANTINE | record_id=2316 | reason=NULL or blank camera_node_id
2026-08-15 17:43:30,169 | WARNING | QUARANTINE | record_id=2324 | reason=NULL or blank camera_node_id
2026-08-15 17:43:30,211 | WARNING | QUARANTINE | record_id=2342 | reason=NULL or blank camera_node_id
2026-08-15 17:43:30,230 | WARNING | QUARANTINE | record_id=2351 | reason=extreme vehicle_count outlier (>= 5000)
2026-08-15 17:43:30,265 | WARNING | QUARANTINE | record_id=2366 | reason=negative vehicle_count
2026-08-15 17:43:30,277 | WARNING | QUARANTINE | record_id=2372 | reason=NULL or blank camera_node_id
2026-08-15 17:43:30,281 | WARNING | QUARANTINE | record_id=2375 | reason=negative vehicle_count
2026-08-15 17:43:30,302 | WARNING | QUARANTINE | record_id=2383 | reason=NULL or blank camera_node_id
2026-08-15 17:43:30,311 | WARNING | QUARANTINE | record_id=2388 | reason=negative vehicle_count
2026-08-15 17:43:30,362 | WARNING | QUARANTINE | record_id=2407 | reason=negative vehicle_count
2026-08-15 17:43:30,364 | WARNING | QUARANTINE | record_id=2410 | reason=extreme vehicle_count outlier (>= 5000)
2026-08-15 17:43:30,380 | WARNING | QUARANTINE | record_id=2419 | reason=NULL or blank camera_node_id
2026-08-15 17:43:30,399 | WARNING | QUARANTINE | record_id=2428 | reason=negative vehicle_count
2026-08-15 17:43:30,432 | WARNING | QUARANTINE | record_id=2441 | reason=NULL or blank camera_node_id
2026-08-15 17:43:30,451 | WARNING | QUARANTINE | record_id=2448 | reason=NULL or blank camera_node_id
2026-08-15 17:43:30,460 | WARNING | QUARANTINE | record_id=2452 | reason=NULL or blank camera_node_id
2026-08-15 17:43:30,473 | WARNING | QUARANTINE | record_id=2457 | reason=NULL or blank camera_node_id
2026-08-15 17:43:30,500 | WARNING | QUARANTINE | record_id=2467 | reason=extreme vehicle_count outlier (>= 5000)
2026-08-15 17:43:30,677 | WARNING | QUARANTINE | record_id=2524 | reason=negative vehicle_count
2026-08-15 17:43:30,678 | WARNING | QUARANTINE | record_id=2525 | reason=extreme vehicle_count outlier (>= 5000)
2026-08-15 17:43:30,701 | WARNING | QUARANTINE | record_id=2538 | reason=extreme vehicle_count outlier (>= 5000)
2026-08-15 17:43:30,757 | WARNING | QUARANTINE | record_id=2564 | reason=NULL or blank camera_node_id
2026-08-15 17:43:30,761 | WARNING | QUARANTINE | record_id=2567 | reason=NULL or blank camera_node_id
2026-08-15 17:43:30,773 | WARNING | QUARANTINE | record_id=2573 | reason=NULL or blank camera_node_id
2026-08-15 17:43:30,781 | WARNING | QUARANTINE | record_id=2581 | reason=NULL or blank camera_node_id
2026-08-15 17:43:30,790 | WARNING | QUARANTINE | record_id=2587 | reason=NULL or blank camera_node_id
2026-08-15 17:43:30,793 | WARNING | QUARANTINE | record_id=2590 | reason=NULL or blank camera_node_id
2026-08-15 17:43:30,803 | WARNING | QUARANTINE | record_id=2596 | reason=extreme vehicle_count outlier (>= 5000)
2026-08-15 17:43:30,811 | WARNING | QUARANTINE | record_id=2601 | reason=negative vehicle_count
2026-08-15 17:43:30,812 | WARNING | QUARANTINE | record_id=2603 | reason=extreme vehicle_count outlier (>= 5000)
2026-08-15 17:43:30,817 | WARNING | QUARANTINE | record_id=2607 | reason=negative vehicle_count
2026-08-15 17:43:30,818 | WARNING | QUARANTINE | record_id=2609 | reason=NULL or blank camera_node_id
2026-08-15 17:43:30,872 | WARNING | QUARANTINE | record_id=2636 | reason=NULL or blank camera_node_id
2026-08-15 17:43:30,881 | WARNING | QUARANTINE | record_id=2644 | reason=NULL or blank camera_node_id
2026-08-15 17:43:30,908 | WARNING | QUARANTINE | record_id=2659 | reason=extreme vehicle_count outlier (>= 5000)
2026-08-15 17:43:30,914 | WARNING | QUARANTINE | record_id=2663 | reason=negative vehicle_count
2026-08-15 17:43:30,922 | WARNING | QUARANTINE | record_id=2667 | reason=negative vehicle_count
2026-08-15 17:43:30,922 | WARNING | QUARANTINE | record_id=2668 | reason=extreme vehicle_count outlier (>= 5000)
2026-08-15 17:43:30,932 | WARNING | QUARANTINE | record_id=2672 | reason=extreme vehicle_count outlier (>= 5000)
2026-08-15 17:43:30,943 | WARNING | QUARANTINE | record_id=2678 | reason=negative vehicle_count
2026-08-15 17:43:30,946 | WARNING | QUARANTINE | record_id=2680 | reason=NULL or blank camera_node_id
2026-08-15 17:43:31,007 | WARNING | QUARANTINE | record_id=2716 | reason=negative vehicle_count
2026-08-15 17:43:31,013 | WARNING | QUARANTINE | record_id=2719 | reason=NULL or blank camera_node_id
2026-08-15 17:43:31,013 | WARNING | QUARANTINE | record_id=2720 | reason=NULL or blank camera_node_id
2026-08-15 17:43:31,020 | WARNING | QUARANTINE | record_id=2725 | reason=NULL or blank camera_node_id
2026-08-15 17:43:31,033 | WARNING | QUARANTINE | record_id=2733 | reason=negative vehicle_count
2026-08-15 17:43:31,034 | WARNING | QUARANTINE | record_id=2734 | reason=negative vehicle_count
2026-08-15 17:43:31,035 | WARNING | QUARANTINE | record_id=2737 | reason=NULL or blank camera_node_id
2026-08-15 17:43:31,067 | WARNING | QUARANTINE | record_id=2752 | reason=NULL or blank camera_node_id
2026-08-15 17:43:31,094 | WARNING | QUARANTINE | record_id=2767 | reason=NULL or blank camera_node_id
2026-08-15 17:43:31,095 | WARNING | QUARANTINE | record_id=2769 | reason=extreme vehicle_count outlier (>= 5000)
2026-08-15 17:43:31,101 | WARNING | QUARANTINE | record_id=2773 | reason=negative vehicle_count
2026-08-15 17:43:31,105 | WARNING | QUARANTINE | record_id=2778 | reason=negative vehicle_count
2026-08-15 17:43:31,106 | WARNING | QUARANTINE | record_id=2780 | reason=negative vehicle_count
2026-08-15 17:43:31,137 | WARNING | QUARANTINE | record_id=2798 | reason=negative vehicle_count
2026-08-15 17:43:31,146 | WARNING | QUARANTINE | record_id=2804 | reason=negative vehicle_count
2026-08-15 17:43:31,147 | WARNING | QUARANTINE | record_id=2805 | reason=negative vehicle_count
2026-08-15 17:43:31,147 | WARNING | QUARANTINE | record_id=2806 | reason=NULL or blank camera_node_id
2026-08-15 17:43:31,170 | WARNING | QUARANTINE | record_id=2817 | reason=NULL or blank camera_node_id
2026-08-15 17:43:31,170 | WARNING | QUARANTINE | record_id=2818 | reason=extreme vehicle_count outlier (>= 5000)
2026-08-15 17:43:31,224 | WARNING | QUARANTINE | record_id=2847 | reason=NULL or blank camera_node_id
2026-08-15 17:43:31,231 | WARNING | QUARANTINE | record_id=2852 | reason=NULL or blank camera_node_id
2026-08-15 17:43:31,231 | WARNING | QUARANTINE | record_id=2853 | reason=negative vehicle_count
2026-08-15 17:43:31,256 | WARNING | QUARANTINE | record_id=2866 | reason=negative vehicle_count
2026-08-15 17:43:31,270 | WARNING | QUARANTINE | record_id=2873 | reason=NULL or blank camera_node_id
2026-08-15 17:43:31,296 | WARNING | QUARANTINE | record_id=2886 | reason=negative vehicle_count
2026-08-15 17:43:31,320 | WARNING | QUARANTINE | record_id=2900 | reason=negative vehicle_count
2026-08-15 17:43:31,321 | WARNING | QUARANTINE | record_id=2901 | reason=NULL or blank camera_node_id
2026-08-15 17:43:31,323 | WARNING | QUARANTINE | record_id=2903 | reason=extreme vehicle_count outlier (>= 5000)
2026-08-15 17:43:31,329 | WARNING | QUARANTINE | record_id=2906 | reason=negative vehicle_count
2026-08-15 17:43:31,336 | WARNING | QUARANTINE | record_id=2912 | reason=NULL or blank camera_node_id
2026-08-15 17:43:31,350 | WARNING | QUARANTINE | record_id=2920 | reason=negative vehicle_count
2026-08-15 17:43:31,354 | WARNING | QUARANTINE | record_id=2923 | reason=negative vehicle_count
2026-08-15 17:43:31,365 | WARNING | QUARANTINE | record_id=2931 | reason=extreme vehicle_count outlier (>= 5000)
2026-08-15 17:43:31,384 | WARNING | QUARANTINE | record_id=2948 | reason=NULL or blank camera_node_id
2026-08-15 17:43:31,387 | WARNING | QUARANTINE | record_id=2955 | reason=NULL or blank camera_node_id
2026-08-15 17:43:31,400 | WARNING | QUARANTINE | record_id=2975 | reason=NULL or blank camera_node_id
2026-08-15 17:43:31,403 | WARNING | QUARANTINE | record_id=2981 | reason=negative vehicle_count
2026-08-15 17:43:31,512 | WARNING | QUARANTINE | record_id=2991 | reason=NULL or blank camera_node_id
2026-08-15 17:43:31,540 | WARNING | QUARANTINE | record_id=2996 | reason=NULL or blank camera_node_id
2026-08-15 17:43:31,540 | WARNING | QUARANTINE | record_id=2997 | reason=NULL or blank camera_node_id
2026-08-15 17:43:31,601 | WARNING | QUARANTINE | record_id=3019 | reason=negative vehicle_count
2026-08-15 17:43:31,607 | WARNING | QUARANTINE | record_id=3026 | reason=extreme vehicle_count outlier (>= 5000)
2026-08-15 17:43:31,632 | WARNING | QUARANTINE | record_id=3041 | reason=NULL or blank camera_node_id
2026-08-15 17:43:31,675 | WARNING | QUARANTINE | record_id=3067 | reason=extreme vehicle_count outlier (>= 5000)
2026-08-15 17:43:31,678 | WARNING | QUARANTINE | record_id=3069 | reason=NULL or blank camera_node_id
2026-08-15 17:43:31,680 | WARNING | QUARANTINE | record_id=3071 | reason=negative vehicle_count
2026-08-15 17:43:31,865 | WARNING | QUARANTINE | record_id=3121 | reason=NULL or blank camera_node_id
2026-08-15 17:43:31,938 | WARNING | QUARANTINE | record_id=3142 | reason=NULL or blank camera_node_id
2026-08-15 17:43:31,974 | WARNING | QUARANTINE | record_id=3153 | reason=extreme vehicle_count outlier (>= 5000)
2026-08-15 17:43:31,983 | WARNING | QUARANTINE | record_id=3155 | reason=NULL or blank camera_node_id
2026-08-15 17:43:32,012 | WARNING | QUARANTINE | record_id=3163 | reason=NULL or blank camera_node_id
2026-08-15 17:43:32,023 | WARNING | QUARANTINE | record_id=3168 | reason=extreme vehicle_count outlier (>= 5000)
2026-08-15 17:43:32,028 | WARNING | QUARANTINE | record_id=3171 | reason=NULL or blank camera_node_id
2026-08-15 17:43:32,040 | WARNING | QUARANTINE | record_id=3179 | reason=NULL or blank camera_node_id
2026-08-15 17:43:32,088 | WARNING | QUARANTINE | record_id=3214 | reason=NULL or blank camera_node_id
2026-08-15 17:43:32,121 | WARNING | QUARANTINE | record_id=3234 | reason=NULL or blank camera_node_id
2026-08-15 17:43:32,138 | WARNING | QUARANTINE | record_id=3244 | reason=extreme vehicle_count outlier (>= 5000)
2026-08-15 17:43:32,148 | WARNING | QUARANTINE | record_id=3248 | reason=extreme vehicle_count outlier (>= 5000)
2026-08-15 17:43:32,182 | WARNING | QUARANTINE | record_id=3259 | reason=NULL or blank camera_node_id
2026-08-15 17:43:32,183 | WARNING | QUARANTINE | record_id=3261 | reason=negative vehicle_count
2026-08-15 17:43:32,214 | WARNING | QUARANTINE | record_id=3274 | reason=negative vehicle_count
2026-08-15 17:43:32,221 | WARNING | QUARANTINE | record_id=3278 | reason=NULL or blank camera_node_id
2026-08-15 17:43:32,233 | WARNING | QUARANTINE | record_id=3282 | reason=NULL or blank camera_node_id
2026-08-15 17:43:32,252 | WARNING | QUARANTINE | record_id=3286 | reason=NULL or blank camera_node_id
2026-08-15 17:43:32,273 | WARNING | QUARANTINE | record_id=3294 | reason=negative vehicle_count
2026-08-15 17:43:32,301 | WARNING | QUARANTINE | record_id=3303 | reason=extreme vehicle_count outlier (>= 5000)
2026-08-15 17:43:32,306 | WARNING | QUARANTINE | record_id=3307 | reason=extreme vehicle_count outlier (>= 5000)
2026-08-15 17:43:32,306 | WARNING | QUARANTINE | record_id=3308 | reason=negative vehicle_count
2026-08-15 17:43:32,365 | WARNING | QUARANTINE | record_id=3338 | reason=negative vehicle_count
2026-08-15 17:43:32,372 | WARNING | QUARANTINE | record_id=3342 | reason=NULL or blank camera_node_id
2026-08-15 17:43:32,394 | WARNING | QUARANTINE | record_id=3355 | reason=NULL or blank camera_node_id
2026-08-15 17:43:32,400 | WARNING | QUARANTINE | record_id=3360 | reason=extreme vehicle_count outlier (>= 5000)
2026-08-15 17:43:32,418 | WARNING | QUARANTINE | record_id=3368 | reason=NULL or blank camera_node_id
2026-08-15 17:43:32,434 | WARNING | QUARANTINE | record_id=3376 | reason=extreme vehicle_count outlier (>= 5000)
2026-08-15 17:43:32,445 | WARNING | QUARANTINE | record_id=3383 | reason=negative vehicle_count
2026-08-15 17:43:32,498 | WARNING | QUARANTINE | record_id=3403 | reason=NULL or blank camera_node_id
2026-08-15 17:43:32,500 | WARNING | QUARANTINE | record_id=3406 | reason=extreme vehicle_count outlier (>= 5000)
2026-08-15 17:43:32,502 | WARNING | QUARANTINE | record_id=3409 | reason=NULL or blank camera_node_id
2026-08-15 17:43:32,506 | WARNING | QUARANTINE | record_id=3413 | reason=NULL or blank camera_node_id
2026-08-15 17:43:32,510 | WARNING | QUARANTINE | record_id=3416 | reason=NULL or blank camera_node_id
2026-08-15 17:43:32,537 | WARNING | QUARANTINE | record_id=3428 | reason=negative vehicle_count
2026-08-15 17:43:32,545 | WARNING | QUARANTINE | record_id=3434 | reason=NULL or blank camera_node_id
2026-08-15 17:43:32,545 | WARNING | QUARANTINE | record_id=3435 | reason=negative vehicle_count
2026-08-15 17:43:32,567 | WARNING | QUARANTINE | record_id=3448 | reason=extreme vehicle_count outlier (>= 5000)
2026-08-15 17:43:32,567 | WARNING | QUARANTINE | record_id=3450 | reason=negative vehicle_count
2026-08-15 17:43:32,574 | WARNING | QUARANTINE | record_id=3459 | reason=NULL or blank camera_node_id
2026-08-15 17:43:32,580 | WARNING | QUARANTINE | record_id=3465 | reason=NULL or blank camera_node_id
2026-08-15 17:43:32,582 | WARNING | QUARANTINE | record_id=3469 | reason=NULL or blank camera_node_id
2026-08-15 17:43:32,584 | WARNING | QUARANTINE | record_id=3473 | reason=NULL or blank camera_node_id
2026-08-15 17:43:32,591 | WARNING | QUARANTINE | record_id=3480 | reason=NULL or blank camera_node_id
2026-08-15 17:43:32,597 | WARNING | QUARANTINE | record_id=3486 | reason=NULL or blank camera_node_id
2026-08-15 17:43:32,603 | WARNING | QUARANTINE | record_id=3493 | reason=NULL or blank camera_node_id
2026-08-15 17:43:32,605 | WARNING | QUARANTINE | record_id=3496 | reason=negative vehicle_count
2026-08-15 17:43:32,613 | WARNING | QUARANTINE | record_id=3504 | reason=negative vehicle_count
2026-08-15 17:43:32,617 | WARNING | QUARANTINE | record_id=3510 | reason=negative vehicle_count
2026-08-15 17:43:32,655 | WARNING | QUARANTINE | record_id=3548 | reason=NULL or blank camera_node_id
2026-08-15 17:43:32,664 | WARNING | QUARANTINE | record_id=3557 | reason=NULL or blank camera_node_id
2026-08-15 17:43:32,667 | WARNING | QUARANTINE | record_id=3562 | reason=NULL or blank camera_node_id
2026-08-15 17:43:32,708 | WARNING | QUARANTINE | record_id=3607 | reason=NULL or blank camera_node_id
2026-08-15 17:43:32,717 | WARNING | QUARANTINE | record_id=3622 | reason=extreme vehicle_count outlier (>= 5000)
2026-08-15 17:43:32,722 | WARNING | QUARANTINE | record_id=3631 | reason=NULL or blank camera_node_id
2026-08-15 17:43:32,728 | WARNING | QUARANTINE | record_id=3636 | reason=negative vehicle_count
2026-08-15 17:43:32,738 | WARNING | QUARANTINE | record_id=3643 | reason=negative vehicle_count
2026-08-15 17:43:32,743 | WARNING | QUARANTINE | record_id=3650 | reason=NULL or blank camera_node_id
2026-08-15 17:43:32,744 | WARNING | QUARANTINE | record_id=3653 | reason=NULL or blank camera_node_id
2026-08-15 17:43:32,753 | WARNING | QUARANTINE | record_id=3668 | reason=NULL or blank camera_node_id
2026-08-15 17:43:32,765 | WARNING | QUARANTINE | record_id=3677 | reason=NULL or blank camera_node_id
2026-08-15 17:43:32,777 | WARNING | QUARANTINE | record_id=3690 | reason=NULL or blank camera_node_id
2026-08-15 17:43:32,779 | WARNING | QUARANTINE | record_id=3694 | reason=negative vehicle_count
2026-08-15 17:43:32,781 | WARNING | QUARANTINE | record_id=3698 | reason=NULL or blank camera_node_id
2026-08-15 17:43:32,807 | WARNING | QUARANTINE | record_id=3739 | reason=negative vehicle_count
2026-08-15 17:43:32,813 | WARNING | QUARANTINE | record_id=3749 | reason=negative vehicle_count
2026-08-15 17:43:32,816 | WARNING | QUARANTINE | record_id=3754 | reason=extreme vehicle_count outlier (>= 5000)
2026-08-15 17:43:32,824 | WARNING | QUARANTINE | record_id=3766 | reason=negative vehicle_count
2026-08-15 17:43:32,825 | WARNING | QUARANTINE | record_id=3768 | reason=negative vehicle_count
2026-08-15 17:43:32,833 | WARNING | QUARANTINE | record_id=3780 | reason=NULL or blank camera_node_id
2026-08-15 17:43:32,839 | WARNING | QUARANTINE | record_id=3790 | reason=extreme vehicle_count outlier (>= 5000)
2026-08-15 17:43:32,844 | WARNING | QUARANTINE | record_id=3797 | reason=extreme vehicle_count outlier (>= 5000)
2026-08-15 17:43:32,852 | WARNING | QUARANTINE | record_id=3810 | reason=negative vehicle_count
2026-08-15 17:43:32,862 | WARNING | QUARANTINE | record_id=3824 | reason=NULL or blank camera_node_id
2026-08-15 17:43:32,884 | WARNING | QUARANTINE | record_id=3840 | reason=extreme vehicle_count outlier (>= 5000)
2026-08-15 17:43:32,904 | WARNING | QUARANTINE | record_id=3857 | reason=extreme vehicle_count outlier (>= 5000)
2026-08-15 17:43:32,904 | WARNING | QUARANTINE | record_id=3858 | reason=NULL or blank camera_node_id
2026-08-15 17:43:32,905 | WARNING | QUARANTINE | record_id=3860 | reason=negative vehicle_count
2026-08-15 17:43:32,905 | WARNING | QUARANTINE | record_id=3862 | reason=NULL or blank camera_node_id
2026-08-15 17:43:32,913 | WARNING | QUARANTINE | record_id=3874 | reason=NULL or blank camera_node_id
2026-08-15 17:43:32,914 | WARNING | QUARANTINE | record_id=3875 | reason=NULL or blank camera_node_id
2026-08-15 17:43:32,916 | WARNING | QUARANTINE | record_id=3879 | reason=negative vehicle_count
2026-08-15 17:43:32,917 | WARNING | QUARANTINE | record_id=3882 | reason=NULL or blank camera_node_id
2026-08-15 17:43:32,926 | WARNING | QUARANTINE | record_id=3895 | reason=NULL or blank camera_node_id
2026-08-15 17:43:32,952 | WARNING | QUARANTINE | record_id=3934 | reason=negative vehicle_count
2026-08-15 17:43:32,954 | WARNING | QUARANTINE | record_id=3938 | reason=negative vehicle_count
2026-08-15 17:43:32,959 | WARNING | QUARANTINE | record_id=3945 | reason=NULL or blank camera_node_id
2026-08-15 17:43:32,963 | WARNING | QUARANTINE | record_id=3952 | reason=NULL or blank camera_node_id
2026-08-15 17:43:32,969 | WARNING | QUARANTINE | record_id=3961 | reason=NULL or blank camera_node_id
2026-08-15 17:43:32,973 | WARNING | QUARANTINE | record_id=3968 | reason=NULL or blank camera_node_id
2026-08-15 17:43:32,973 | WARNING | QUARANTINE | record_id=3969 | reason=NULL or blank camera_node_id
2026-08-15 17:43:32,984 | WARNING | QUARANTINE | record_id=3986 | reason=NULL or blank camera_node_id
2026-08-15 17:43:32,988 | WARNING | QUARANTINE | record_id=3992 | reason=NULL or blank camera_node_id
2026-08-15 17:43:33,016 | INFO | VALIDATION | valid_rows=3600 | quarantined_rows=400
2026-08-15 17:43:33,029 | INFO | QUARANTINE_WRITE | path=D:\UPHD\4TH YR\1st sem\mini_project\AngDelaPena_prelim_project\quarantine\null_sensor_nodes.csv | rows=400
2026-08-15 17:43:33,372 | INFO | PARQUET_WRITE | path=D:\UPHD\4TH YR\1st sem\mini_project\AngDelaPena_prelim_project\data\analytics\hourly_grid_throughput.parquet | rows=3600 | compression=snappy | partitions=intersection_zone/year/month
2026-08-15 17:43:33,372 | INFO | PIPELINE_SUCCESS | source_rows=4000 | clean_rows=3600 | quarantined_rows=400 | output_rows=3600 | elapsed_seconds=7.5329
2026-08-15 17:52:33,212 | INFO | PIPELINE_START
2026-08-15 17:52:33,254 | INFO | EXTRACT | rows=4000 | source_sha256=26e87762f0c481e1fef90f5a2fb8db7bb28987e25e9b54c749763dfa919d5069
2026-08-15 17:52:33,481 | WARNING | QUARANTINE | record_id=1 | reason=negative vehicle_count
2026-08-15 17:52:33,668 | WARNING | QUARANTINE | record_id=46 | reason=negative vehicle_count
2026-08-15 17:52:33,680 | WARNING | QUARANTINE | record_id=50 | reason=negative vehicle_count
2026-08-15 17:52:33,690 | WARNING | QUARANTINE | record_id=58 | reason=NULL or blank camera_node_id
2026-08-15 17:52:33,768 | WARNING | QUARANTINE | record_id=67 | reason=NULL or blank camera_node_id
2026-08-15 17:52:33,787 | WARNING | QUARANTINE | record_id=70 | reason=NULL or blank camera_node_id
2026-08-15 17:52:33,802 | WARNING | QUARANTINE | record_id=77 | reason=negative vehicle_count
2026-08-15 17:52:33,811 | WARNING | QUARANTINE | record_id=81 | reason=NULL or blank camera_node_id
2026-08-15 17:52:33,830 | WARNING | QUARANTINE | record_id=93 | reason=negative vehicle_count
2026-08-15 17:52:33,854 | WARNING | QUARANTINE | record_id=113 | reason=NULL or blank camera_node_id
2026-08-15 17:52:33,894 | WARNING | QUARANTINE | record_id=133 | reason=negative vehicle_count
2026-08-15 17:52:33,903 | WARNING | QUARANTINE | record_id=145 | reason=NULL or blank camera_node_id
2026-08-15 17:52:33,908 | WARNING | QUARANTINE | record_id=151 | reason=extreme vehicle_count outlier (>= 5000)
2026-08-15 17:52:33,930 | WARNING | QUARANTINE | record_id=162 | reason=NULL or blank camera_node_id
2026-08-15 17:52:33,951 | WARNING | QUARANTINE | record_id=180 | reason=negative vehicle_count
2026-08-15 17:52:33,960 | WARNING | QUARANTINE | record_id=189 | reason=NULL or blank camera_node_id
2026-08-15 17:52:33,960 | WARNING | QUARANTINE | record_id=190 | reason=extreme vehicle_count outlier (>= 5000)
2026-08-15 17:52:33,963 | WARNING | QUARANTINE | record_id=195 | reason=negative vehicle_count
2026-08-15 17:52:33,976 | WARNING | QUARANTINE | record_id=211 | reason=negative vehicle_count
2026-08-15 17:52:33,981 | WARNING | QUARANTINE | record_id=219 | reason=extreme vehicle_count outlier (>= 5000)
2026-08-15 17:52:33,981 | WARNING | QUARANTINE | record_id=220 | reason=NULL or blank camera_node_id
2026-08-15 17:52:34,000 | WARNING | QUARANTINE | record_id=239 | reason=negative vehicle_count
2026-08-15 17:52:34,006 | WARNING | QUARANTINE | record_id=243 | reason=NULL or blank camera_node_id
2026-08-15 17:52:34,047 | WARNING | QUARANTINE | record_id=264 | reason=NULL or blank camera_node_id
2026-08-15 17:52:34,049 | WARNING | QUARANTINE | record_id=267 | reason=NULL or blank camera_node_id
2026-08-15 17:52:34,068 | WARNING | QUARANTINE | record_id=284 | reason=extreme vehicle_count outlier (>= 5000)
2026-08-15 17:52:34,089 | WARNING | QUARANTINE | record_id=302 | reason=NULL or blank camera_node_id
2026-08-15 17:52:34,089 | WARNING | QUARANTINE | record_id=303 | reason=extreme vehicle_count outlier (>= 5000)
2026-08-15 17:52:34,099 | WARNING | QUARANTINE | record_id=312 | reason=negative vehicle_count
2026-08-15 17:52:34,112 | WARNING | QUARANTINE | record_id=321 | reason=NULL or blank camera_node_id
2026-08-15 17:52:34,148 | WARNING | QUARANTINE | record_id=344 | reason=NULL or blank camera_node_id
2026-08-15 17:52:34,159 | WARNING | QUARANTINE | record_id=350 | reason=negative vehicle_count
2026-08-15 17:52:34,164 | WARNING | QUARANTINE | record_id=353 | reason=extreme vehicle_count outlier (>= 5000)
2026-08-15 17:52:34,169 | WARNING | QUARANTINE | record_id=356 | reason=NULL or blank camera_node_id
2026-08-15 17:52:34,185 | WARNING | QUARANTINE | record_id=373 | reason=negative vehicle_count
2026-08-15 17:52:34,187 | WARNING | QUARANTINE | record_id=376 | reason=extreme vehicle_count outlier (>= 5000)
2026-08-15 17:52:34,232 | WARNING | QUARANTINE | record_id=410 | reason=NULL or blank camera_node_id
2026-08-15 17:52:34,249 | WARNING | QUARANTINE | record_id=427 | reason=negative vehicle_count
2026-08-15 17:52:34,252 | WARNING | QUARANTINE | record_id=431 | reason=negative vehicle_count
2026-08-15 17:52:34,253 | WARNING | QUARANTINE | record_id=433 | reason=extreme vehicle_count outlier (>= 5000)
2026-08-15 17:52:34,263 | WARNING | QUARANTINE | record_id=445 | reason=negative vehicle_count
2026-08-15 17:52:34,263 | WARNING | QUARANTINE | record_id=446 | reason=negative vehicle_count
2026-08-15 17:52:34,287 | WARNING | QUARANTINE | record_id=458 | reason=NULL or blank camera_node_id
2026-08-15 17:52:34,313 | WARNING | QUARANTINE | record_id=472 | reason=extreme vehicle_count outlier (>= 5000)
2026-08-15 17:52:34,330 | WARNING | QUARANTINE | record_id=481 | reason=extreme vehicle_count outlier (>= 5000)
2026-08-15 17:52:34,369 | WARNING | QUARANTINE | record_id=500 | reason=NULL or blank camera_node_id
2026-08-15 17:52:34,396 | WARNING | QUARANTINE | record_id=526 | reason=NULL or blank camera_node_id
2026-08-15 17:52:34,396 | WARNING | QUARANTINE | record_id=527 | reason=NULL or blank camera_node_id
2026-08-15 17:52:34,399 | WARNING | QUARANTINE | record_id=532 | reason=extreme vehicle_count outlier (>= 5000)
2026-08-15 17:52:34,415 | WARNING | QUARANTINE | record_id=548 | reason=NULL or blank camera_node_id
2026-08-15 17:52:34,423 | WARNING | QUARANTINE | record_id=558 | reason=negative vehicle_count
2026-08-15 17:52:34,468 | WARNING | QUARANTINE | record_id=601 | reason=NULL or blank camera_node_id
2026-08-15 17:52:34,478 | WARNING | QUARANTINE | record_id=611 | reason=NULL or blank camera_node_id
2026-08-15 17:52:34,486 | WARNING | QUARANTINE | record_id=621 | reason=NULL or blank camera_node_id
2026-08-15 17:52:34,532 | WARNING | QUARANTINE | record_id=652 | reason=NULL or blank camera_node_id
2026-08-15 17:52:34,544 | WARNING | QUARANTINE | record_id=664 | reason=NULL or blank camera_node_id
2026-08-15 17:52:34,555 | WARNING | QUARANTINE | record_id=680 | reason=NULL or blank camera_node_id
2026-08-15 17:52:34,561 | WARNING | QUARANTINE | record_id=686 | reason=NULL or blank camera_node_id
2026-08-15 17:52:34,564 | WARNING | QUARANTINE | record_id=690 | reason=negative vehicle_count
2026-08-15 17:52:34,567 | WARNING | QUARANTINE | record_id=694 | reason=extreme vehicle_count outlier (>= 5000)
2026-08-15 17:52:34,567 | WARNING | QUARANTINE | record_id=695 | reason=NULL or blank camera_node_id
2026-08-15 17:52:34,588 | WARNING | QUARANTINE | record_id=712 | reason=negative vehicle_count
2026-08-15 17:52:34,596 | WARNING | QUARANTINE | record_id=720 | reason=NULL or blank camera_node_id
2026-08-15 17:52:34,621 | WARNING | QUARANTINE | record_id=740 | reason=NULL or blank camera_node_id
2026-08-15 17:52:34,653 | WARNING | QUARANTINE | record_id=769 | reason=extreme vehicle_count outlier (>= 5000)
2026-08-15 17:52:34,659 | WARNING | QUARANTINE | record_id=774 | reason=negative vehicle_count
2026-08-15 17:52:34,664 | WARNING | QUARANTINE | record_id=782 | reason=NULL or blank camera_node_id
2026-08-15 17:52:34,698 | WARNING | QUARANTINE | record_id=806 | reason=NULL or blank camera_node_id
2026-08-15 17:52:34,709 | WARNING | QUARANTINE | record_id=814 | reason=negative vehicle_count
2026-08-15 17:52:34,715 | WARNING | QUARANTINE | record_id=824 | reason=negative vehicle_count
2026-08-15 17:52:34,719 | WARNING | QUARANTINE | record_id=830 | reason=NULL or blank camera_node_id
2026-08-15 17:52:34,731 | WARNING | QUARANTINE | record_id=841 | reason=NULL or blank camera_node_id
2026-08-15 17:52:34,734 | WARNING | QUARANTINE | record_id=845 | reason=NULL or blank camera_node_id
2026-08-15 17:52:34,747 | WARNING | QUARANTINE | record_id=858 | reason=negative vehicle_count
2026-08-15 17:52:34,749 | WARNING | QUARANTINE | record_id=861 | reason=NULL or blank camera_node_id
2026-08-15 17:52:34,752 | WARNING | QUARANTINE | record_id=866 | reason=NULL or blank camera_node_id
2026-08-15 17:52:34,752 | WARNING | QUARANTINE | record_id=867 | reason=NULL or blank camera_node_id
2026-08-15 17:52:34,755 | WARNING | QUARANTINE | record_id=872 | reason=NULL or blank camera_node_id
2026-08-15 17:52:34,760 | WARNING | QUARANTINE | record_id=874 | reason=negative vehicle_count
2026-08-15 17:52:34,798 | WARNING | QUARANTINE | record_id=903 | reason=NULL or blank camera_node_id
2026-08-15 17:52:34,798 | WARNING | QUARANTINE | record_id=904 | reason=NULL or blank camera_node_id
2026-08-15 17:52:34,828 | WARNING | QUARANTINE | record_id=920 | reason=NULL or blank camera_node_id
2026-08-15 17:52:34,829 | WARNING | QUARANTINE | record_id=921 | reason=NULL or blank camera_node_id
2026-08-15 17:52:34,843 | WARNING | QUARANTINE | record_id=937 | reason=negative vehicle_count
2026-08-15 17:52:34,859 | WARNING | QUARANTINE | record_id=953 | reason=negative vehicle_count
2026-08-15 17:52:34,873 | WARNING | QUARANTINE | record_id=963 | reason=extreme vehicle_count outlier (>= 5000)
2026-08-15 17:52:34,875 | WARNING | QUARANTINE | record_id=965 | reason=NULL or blank camera_node_id
2026-08-15 17:52:34,888 | WARNING | QUARANTINE | record_id=981 | reason=extreme vehicle_count outlier (>= 5000)
2026-08-15 17:52:34,938 | WARNING | QUARANTINE | record_id=1011 | reason=negative vehicle_count
2026-08-15 17:52:34,951 | WARNING | QUARANTINE | record_id=1014 | reason=extreme vehicle_count outlier (>= 5000)
2026-08-15 17:52:34,987 | WARNING | QUARANTINE | record_id=1031 | reason=negative vehicle_count
2026-08-15 17:52:35,009 | WARNING | QUARANTINE | record_id=1042 | reason=negative vehicle_count
2026-08-15 17:52:35,015 | WARNING | QUARANTINE | record_id=1050 | reason=negative vehicle_count
2026-08-15 17:52:35,024 | WARNING | QUARANTINE | record_id=1059 | reason=extreme vehicle_count outlier (>= 5000)
2026-08-15 17:52:35,029 | WARNING | QUARANTINE | record_id=1065 | reason=negative vehicle_count
2026-08-15 17:52:35,033 | WARNING | QUARANTINE | record_id=1071 | reason=extreme vehicle_count outlier (>= 5000)
2026-08-15 17:52:35,043 | WARNING | QUARANTINE | record_id=1082 | reason=NULL or blank camera_node_id
2026-08-15 17:52:35,044 | WARNING | QUARANTINE | record_id=1084 | reason=negative vehicle_count
2026-08-15 17:52:35,045 | WARNING | QUARANTINE | record_id=1086 | reason=NULL or blank camera_node_id
2026-08-15 17:52:35,045 | WARNING | QUARANTINE | record_id=1087 | reason=NULL or blank camera_node_id
2026-08-15 17:52:35,066 | WARNING | QUARANTINE | record_id=1103 | reason=negative vehicle_count
2026-08-15 17:52:35,085 | WARNING | QUARANTINE | record_id=1118 | reason=NULL or blank camera_node_id
2026-08-15 17:52:35,088 | WARNING | QUARANTINE | record_id=1122 | reason=NULL or blank camera_node_id
2026-08-15 17:52:35,114 | WARNING | QUARANTINE | record_id=1141 | reason=negative vehicle_count
2026-08-15 17:52:35,117 | WARNING | QUARANTINE | record_id=1146 | reason=NULL or blank camera_node_id
2026-08-15 17:52:35,122 | WARNING | QUARANTINE | record_id=1152 | reason=NULL or blank camera_node_id
2026-08-15 17:52:35,130 | WARNING | QUARANTINE | record_id=1156 | reason=NULL or blank camera_node_id
2026-08-15 17:52:35,132 | WARNING | QUARANTINE | record_id=1158 | reason=extreme vehicle_count outlier (>= 5000)
2026-08-15 17:52:35,142 | WARNING | QUARANTINE | record_id=1165 | reason=extreme vehicle_count outlier (>= 5000)
2026-08-15 17:52:35,149 | WARNING | QUARANTINE | record_id=1169 | reason=extreme vehicle_count outlier (>= 5000)
2026-08-15 17:52:35,149 | WARNING | QUARANTINE | record_id=1170 | reason=NULL or blank camera_node_id
2026-08-15 17:52:35,149 | WARNING | QUARANTINE | record_id=1171 | reason=negative vehicle_count
2026-08-15 17:52:35,149 | WARNING | QUARANTINE | record_id=1172 | reason=negative vehicle_count
2026-08-15 17:52:35,153 | WARNING | QUARANTINE | record_id=1177 | reason=negative vehicle_count
2026-08-15 17:52:35,170 | WARNING | QUARANTINE | record_id=1185 | reason=NULL or blank camera_node_id
2026-08-15 17:52:35,182 | WARNING | QUARANTINE | record_id=1191 | reason=extreme vehicle_count outlier (>= 5000)
2026-08-15 17:52:35,184 | WARNING | QUARANTINE | record_id=1193 | reason=NULL or blank camera_node_id
2026-08-15 17:52:35,201 | WARNING | QUARANTINE | record_id=1207 | reason=negative vehicle_count
2026-08-15 17:52:35,221 | WARNING | QUARANTINE | record_id=1227 | reason=negative vehicle_count
2026-08-15 17:52:35,223 | WARNING | QUARANTINE | record_id=1229 | reason=NULL or blank camera_node_id
2026-08-15 17:52:35,237 | WARNING | QUARANTINE | record_id=1243 | reason=extreme vehicle_count outlier (>= 5000)
2026-08-15 17:52:35,248 | WARNING | QUARANTINE | record_id=1254 | reason=extreme vehicle_count outlier (>= 5000)
2026-08-15 17:52:35,263 | WARNING | QUARANTINE | record_id=1267 | reason=negative vehicle_count
2026-08-15 17:52:35,282 | WARNING | QUARANTINE | record_id=1284 | reason=negative vehicle_count
2026-08-15 17:52:35,286 | WARNING | QUARANTINE | record_id=1289 | reason=extreme vehicle_count outlier (>= 5000)
2026-08-15 17:52:35,288 | WARNING | QUARANTINE | record_id=1291 | reason=extreme vehicle_count outlier (>= 5000)
2026-08-15 17:52:35,296 | WARNING | QUARANTINE | record_id=1299 | reason=NULL or blank camera_node_id
2026-08-15 17:52:35,298 | WARNING | QUARANTINE | record_id=1302 | reason=NULL or blank camera_node_id
2026-08-15 17:52:35,301 | WARNING | QUARANTINE | record_id=1305 | reason=extreme vehicle_count outlier (>= 5000)
2026-08-15 17:52:35,323 | WARNING | QUARANTINE | record_id=1321 | reason=NULL or blank camera_node_id
2026-08-15 17:52:35,323 | WARNING | QUARANTINE | record_id=1322 | reason=extreme vehicle_count outlier (>= 5000)
2026-08-15 17:52:35,342 | WARNING | QUARANTINE | record_id=1340 | reason=NULL or blank camera_node_id
2026-08-15 17:52:35,345 | WARNING | QUARANTINE | record_id=1343 | reason=extreme vehicle_count outlier (>= 5000)
2026-08-15 17:52:35,349 | WARNING | QUARANTINE | record_id=1346 | reason=NULL or blank camera_node_id
2026-08-15 17:52:35,352 | WARNING | QUARANTINE | record_id=1348 | reason=extreme vehicle_count outlier (>= 5000)
2026-08-15 17:52:35,375 | WARNING | QUARANTINE | record_id=1367 | reason=negative vehicle_count
2026-08-15 17:52:35,377 | WARNING | QUARANTINE | record_id=1370 | reason=NULL or blank camera_node_id
2026-08-15 17:52:35,381 | WARNING | QUARANTINE | record_id=1373 | reason=NULL or blank camera_node_id
2026-08-15 17:52:35,389 | WARNING | QUARANTINE | record_id=1378 | reason=NULL or blank camera_node_id
2026-08-15 17:52:35,407 | WARNING | QUARANTINE | record_id=1389 | reason=NULL or blank camera_node_id
2026-08-15 17:52:35,411 | WARNING | QUARANTINE | record_id=1393 | reason=NULL or blank camera_node_id
2026-08-15 17:52:35,417 | WARNING | QUARANTINE | record_id=1403 | reason=negative vehicle_count
2026-08-15 17:52:35,423 | WARNING | QUARANTINE | record_id=1411 | reason=negative vehicle_count
2026-08-15 17:52:35,425 | WARNING | QUARANTINE | record_id=1414 | reason=negative vehicle_count
2026-08-15 17:52:35,434 | WARNING | QUARANTINE | record_id=1426 | reason=NULL or blank camera_node_id
2026-08-15 17:52:35,435 | WARNING | QUARANTINE | record_id=1428 | reason=NULL or blank camera_node_id
2026-08-15 17:52:35,441 | WARNING | QUARANTINE | record_id=1437 | reason=negative vehicle_count
2026-08-15 17:52:35,455 | WARNING | QUARANTINE | record_id=1450 | reason=NULL or blank camera_node_id
2026-08-15 17:52:35,466 | WARNING | QUARANTINE | record_id=1464 | reason=extreme vehicle_count outlier (>= 5000)
2026-08-15 17:52:35,474 | WARNING | QUARANTINE | record_id=1470 | reason=negative vehicle_count
2026-08-15 17:52:35,476 | WARNING | QUARANTINE | record_id=1474 | reason=NULL or blank camera_node_id
2026-08-15 17:52:35,499 | WARNING | QUARANTINE | record_id=1496 | reason=negative vehicle_count
2026-08-15 17:52:35,514 | WARNING | QUARANTINE | record_id=1519 | reason=NULL or blank camera_node_id
2026-08-15 17:52:35,515 | WARNING | QUARANTINE | record_id=1521 | reason=NULL or blank camera_node_id
2026-08-15 17:52:35,538 | WARNING | QUARANTINE | record_id=1540 | reason=extreme vehicle_count outlier (>= 5000)
2026-08-15 17:52:35,559 | WARNING | QUARANTINE | record_id=1553 | reason=extreme vehicle_count outlier (>= 5000)
2026-08-15 17:52:35,572 | WARNING | QUARANTINE | record_id=1561 | reason=NULL or blank camera_node_id
2026-08-15 17:52:35,580 | WARNING | QUARANTINE | record_id=1574 | reason=extreme vehicle_count outlier (>= 5000)
2026-08-15 17:52:35,597 | WARNING | QUARANTINE | record_id=1600 | reason=negative vehicle_count
2026-08-15 17:52:35,601 | WARNING | QUARANTINE | record_id=1606 | reason=NULL or blank camera_node_id
2026-08-15 17:52:35,648 | WARNING | QUARANTINE | record_id=1640 | reason=extreme vehicle_count outlier (>= 5000)
2026-08-15 17:52:35,656 | WARNING | QUARANTINE | record_id=1649 | reason=negative vehicle_count
2026-08-15 17:52:35,664 | WARNING | QUARANTINE | record_id=1661 | reason=extreme vehicle_count outlier (>= 5000)
2026-08-15 17:52:35,676 | WARNING | QUARANTINE | record_id=1669 | reason=NULL or blank camera_node_id
2026-08-15 17:52:35,682 | WARNING | QUARANTINE | record_id=1677 | reason=NULL or blank camera_node_id
2026-08-15 17:52:35,694 | WARNING | QUARANTINE | record_id=1685 | reason=NULL or blank camera_node_id
2026-08-15 17:52:35,703 | WARNING | QUARANTINE | record_id=1695 | reason=extreme vehicle_count outlier (>= 5000)
2026-08-15 17:52:35,705 | WARNING | QUARANTINE | record_id=1698 | reason=negative vehicle_count
2026-08-15 17:52:35,714 | WARNING | QUARANTINE | record_id=1713 | reason=negative vehicle_count
2026-08-15 17:52:35,720 | WARNING | QUARANTINE | record_id=1722 | reason=extreme vehicle_count outlier (>= 5000)
2026-08-15 17:52:35,735 | WARNING | QUARANTINE | record_id=1744 | reason=NULL or blank camera_node_id
2026-08-15 17:52:35,746 | WARNING | QUARANTINE | record_id=1757 | reason=NULL or blank camera_node_id
2026-08-15 17:52:35,750 | WARNING | QUARANTINE | record_id=1763 | reason=negative vehicle_count
2026-08-15 17:52:35,806 | WARNING | QUARANTINE | record_id=1805 | reason=NULL or blank camera_node_id
2026-08-15 17:52:35,813 | WARNING | QUARANTINE | record_id=1812 | reason=NULL or blank camera_node_id
2026-08-15 17:52:35,818 | WARNING | QUARANTINE | record_id=1815 | reason=extreme vehicle_count outlier (>= 5000)
2026-08-15 17:52:35,822 | WARNING | QUARANTINE | record_id=1818 | reason=extreme vehicle_count outlier (>= 5000)
2026-08-15 17:52:35,844 | WARNING | QUARANTINE | record_id=1830 | reason=NULL or blank camera_node_id
2026-08-15 17:52:35,863 | WARNING | QUARANTINE | record_id=1845 | reason=NULL or blank camera_node_id
2026-08-15 17:52:35,879 | WARNING | QUARANTINE | record_id=1862 | reason=NULL or blank camera_node_id
2026-08-15 17:52:35,887 | WARNING | QUARANTINE | record_id=1867 | reason=negative vehicle_count
2026-08-15 17:52:35,894 | WARNING | QUARANTINE | record_id=1875 | reason=negative vehicle_count
2026-08-15 17:52:35,894 | WARNING | QUARANTINE | record_id=1876 | reason=extreme vehicle_count outlier (>= 5000)
2026-08-15 17:52:35,898 | WARNING | QUARANTINE | record_id=1882 | reason=negative vehicle_count
2026-08-15 17:52:35,903 | WARNING | QUARANTINE | record_id=1890 | reason=NULL or blank camera_node_id
2026-08-15 17:52:35,906 | WARNING | QUARANTINE | record_id=1893 | reason=NULL or blank camera_node_id
2026-08-15 17:52:35,915 | WARNING | QUARANTINE | record_id=1906 | reason=NULL or blank camera_node_id
2026-08-15 17:52:35,917 | WARNING | QUARANTINE | record_id=1910 | reason=extreme vehicle_count outlier (>= 5000)
2026-08-15 17:52:35,961 | WARNING | QUARANTINE | record_id=1959 | reason=NULL or blank camera_node_id
2026-08-15 17:52:35,971 | WARNING | QUARANTINE | record_id=1970 | reason=extreme vehicle_count outlier (>= 5000)
2026-08-15 17:52:35,974 | WARNING | QUARANTINE | record_id=1973 | reason=extreme vehicle_count outlier (>= 5000)
2026-08-15 17:52:35,977 | WARNING | QUARANTINE | record_id=1978 | reason=NULL or blank camera_node_id
2026-08-15 17:52:35,985 | WARNING | QUARANTINE | record_id=1989 | reason=negative vehicle_count
2026-08-15 17:52:35,986 | WARNING | QUARANTINE | record_id=1992 | reason=NULL or blank camera_node_id
2026-08-15 17:52:35,996 | WARNING | QUARANTINE | record_id=1999 | reason=NULL or blank camera_node_id
2026-08-15 17:52:36,010 | WARNING | QUARANTINE | record_id=2012 | reason=negative vehicle_count
2026-08-15 17:52:36,024 | WARNING | QUARANTINE | record_id=2030 | reason=NULL or blank camera_node_id
2026-08-15 17:52:36,024 | WARNING | QUARANTINE | record_id=2031 | reason=NULL or blank camera_node_id
2026-08-15 17:52:36,025 | WARNING | QUARANTINE | record_id=2033 | reason=NULL or blank camera_node_id
2026-08-15 17:52:36,037 | WARNING | QUARANTINE | record_id=2050 | reason=NULL or blank camera_node_id
2026-08-15 17:52:36,041 | WARNING | QUARANTINE | record_id=2057 | reason=NULL or blank camera_node_id
2026-08-15 17:52:36,042 | WARNING | QUARANTINE | record_id=2059 | reason=NULL or blank camera_node_id
2026-08-15 17:52:36,053 | WARNING | QUARANTINE | record_id=2074 | reason=extreme vehicle_count outlier (>= 5000)
2026-08-15 17:52:36,057 | WARNING | QUARANTINE | record_id=2079 | reason=NULL or blank camera_node_id
2026-08-15 17:52:36,083 | WARNING | QUARANTINE | record_id=2107 | reason=negative vehicle_count
2026-08-15 17:52:36,086 | WARNING | QUARANTINE | record_id=2113 | reason=NULL or blank camera_node_id
2026-08-15 17:52:36,099 | WARNING | QUARANTINE | record_id=2121 | reason=NULL or blank camera_node_id
2026-08-15 17:52:36,115 | WARNING | QUARANTINE | record_id=2140 | reason=NULL or blank camera_node_id
2026-08-15 17:52:36,117 | WARNING | QUARANTINE | record_id=2144 | reason=negative vehicle_count
2026-08-15 17:52:36,120 | WARNING | QUARANTINE | record_id=2149 | reason=extreme vehicle_count outlier (>= 5000)
2026-08-15 17:52:36,126 | WARNING | QUARANTINE | record_id=2158 | reason=negative vehicle_count
2026-08-15 17:52:36,128 | WARNING | QUARANTINE | record_id=2162 | reason=NULL or blank camera_node_id
2026-08-15 17:52:36,145 | WARNING | QUARANTINE | record_id=2186 | reason=extreme vehicle_count outlier (>= 5000)
2026-08-15 17:52:36,145 | WARNING | QUARANTINE | record_id=2187 | reason=extreme vehicle_count outlier (>= 5000)
2026-08-15 17:52:36,147 | WARNING | QUARANTINE | record_id=2190 | reason=negative vehicle_count
2026-08-15 17:52:36,184 | WARNING | QUARANTINE | record_id=2227 | reason=negative vehicle_count
2026-08-15 17:52:36,190 | WARNING | QUARANTINE | record_id=2236 | reason=negative vehicle_count
2026-08-15 17:52:36,208 | WARNING | QUARANTINE | record_id=2265 | reason=negative vehicle_count
2026-08-15 17:52:36,227 | WARNING | QUARANTINE | record_id=2292 | reason=NULL or blank camera_node_id
2026-08-15 17:52:36,253 | WARNING | QUARANTINE | record_id=2310 | reason=NULL or blank camera_node_id
2026-08-15 17:52:36,262 | WARNING | QUARANTINE | record_id=2316 | reason=NULL or blank camera_node_id
2026-08-15 17:52:36,267 | WARNING | QUARANTINE | record_id=2324 | reason=NULL or blank camera_node_id
2026-08-15 17:52:36,283 | WARNING | QUARANTINE | record_id=2342 | reason=NULL or blank camera_node_id
2026-08-15 17:52:36,295 | WARNING | QUARANTINE | record_id=2351 | reason=extreme vehicle_count outlier (>= 5000)
2026-08-15 17:52:36,305 | WARNING | QUARANTINE | record_id=2366 | reason=negative vehicle_count
2026-08-15 17:52:36,309 | WARNING | QUARANTINE | record_id=2372 | reason=NULL or blank camera_node_id
2026-08-15 17:52:36,311 | WARNING | QUARANTINE | record_id=2375 | reason=negative vehicle_count
2026-08-15 17:52:36,315 | WARNING | QUARANTINE | record_id=2383 | reason=NULL or blank camera_node_id
2026-08-15 17:52:36,322 | WARNING | QUARANTINE | record_id=2388 | reason=negative vehicle_count
2026-08-15 17:52:36,342 | WARNING | QUARANTINE | record_id=2407 | reason=negative vehicle_count
2026-08-15 17:52:36,345 | WARNING | QUARANTINE | record_id=2410 | reason=extreme vehicle_count outlier (>= 5000)
2026-08-15 17:52:36,352 | WARNING | QUARANTINE | record_id=2419 | reason=NULL or blank camera_node_id
2026-08-15 17:52:36,360 | WARNING | QUARANTINE | record_id=2428 | reason=negative vehicle_count
2026-08-15 17:52:36,371 | WARNING | QUARANTINE | record_id=2441 | reason=NULL or blank camera_node_id
2026-08-15 17:52:36,378 | WARNING | QUARANTINE | record_id=2448 | reason=NULL or blank camera_node_id
2026-08-15 17:52:36,381 | WARNING | QUARANTINE | record_id=2452 | reason=NULL or blank camera_node_id
2026-08-15 17:52:36,384 | WARNING | QUARANTINE | record_id=2457 | reason=NULL or blank camera_node_id
2026-08-15 17:52:36,391 | WARNING | QUARANTINE | record_id=2467 | reason=extreme vehicle_count outlier (>= 5000)
2026-08-15 17:52:36,443 | WARNING | QUARANTINE | record_id=2524 | reason=negative vehicle_count
2026-08-15 17:52:36,443 | WARNING | QUARANTINE | record_id=2525 | reason=extreme vehicle_count outlier (>= 5000)
2026-08-15 17:52:36,457 | WARNING | QUARANTINE | record_id=2538 | reason=extreme vehicle_count outlier (>= 5000)
2026-08-15 17:52:36,478 | WARNING | QUARANTINE | record_id=2564 | reason=NULL or blank camera_node_id
2026-08-15 17:52:36,479 | WARNING | QUARANTINE | record_id=2567 | reason=NULL or blank camera_node_id
2026-08-15 17:52:36,483 | WARNING | QUARANTINE | record_id=2573 | reason=NULL or blank camera_node_id
2026-08-15 17:52:36,492 | WARNING | QUARANTINE | record_id=2581 | reason=NULL or blank camera_node_id
2026-08-15 17:52:36,497 | WARNING | QUARANTINE | record_id=2587 | reason=NULL or blank camera_node_id
2026-08-15 17:52:36,499 | WARNING | QUARANTINE | record_id=2590 | reason=NULL or blank camera_node_id
2026-08-15 17:52:36,512 | WARNING | QUARANTINE | record_id=2596 | reason=extreme vehicle_count outlier (>= 5000)
2026-08-15 17:52:36,518 | WARNING | QUARANTINE | record_id=2601 | reason=negative vehicle_count
2026-08-15 17:52:36,519 | WARNING | QUARANTINE | record_id=2603 | reason=extreme vehicle_count outlier (>= 5000)
2026-08-15 17:52:36,521 | WARNING | QUARANTINE | record_id=2607 | reason=negative vehicle_count
2026-08-15 17:52:36,524 | WARNING | QUARANTINE | record_id=2609 | reason=NULL or blank camera_node_id
2026-08-15 17:52:36,556 | WARNING | QUARANTINE | record_id=2636 | reason=NULL or blank camera_node_id
2026-08-15 17:52:36,566 | WARNING | QUARANTINE | record_id=2644 | reason=NULL or blank camera_node_id
2026-08-15 17:52:36,584 | WARNING | QUARANTINE | record_id=2659 | reason=extreme vehicle_count outlier (>= 5000)
2026-08-15 17:52:36,587 | WARNING | QUARANTINE | record_id=2663 | reason=negative vehicle_count
2026-08-15 17:52:36,591 | WARNING | QUARANTINE | record_id=2667 | reason=negative vehicle_count
2026-08-15 17:52:36,592 | WARNING | QUARANTINE | record_id=2668 | reason=extreme vehicle_count outlier (>= 5000)
2026-08-15 17:52:36,599 | WARNING | QUARANTINE | record_id=2672 | reason=extreme vehicle_count outlier (>= 5000)
2026-08-15 17:52:36,607 | WARNING | QUARANTINE | record_id=2678 | reason=negative vehicle_count
2026-08-15 17:52:36,609 | WARNING | QUARANTINE | record_id=2680 | reason=NULL or blank camera_node_id
2026-08-15 17:52:36,646 | WARNING | QUARANTINE | record_id=2716 | reason=negative vehicle_count
2026-08-15 17:52:36,648 | WARNING | QUARANTINE | record_id=2719 | reason=NULL or blank camera_node_id
2026-08-15 17:52:36,648 | WARNING | QUARANTINE | record_id=2720 | reason=NULL or blank camera_node_id
2026-08-15 17:52:36,651 | WARNING | QUARANTINE | record_id=2725 | reason=NULL or blank camera_node_id
2026-08-15 17:52:36,659 | WARNING | QUARANTINE | record_id=2733 | reason=negative vehicle_count
2026-08-15 17:52:36,659 | WARNING | QUARANTINE | record_id=2734 | reason=negative vehicle_count
2026-08-15 17:52:36,661 | WARNING | QUARANTINE | record_id=2737 | reason=NULL or blank camera_node_id
2026-08-15 17:52:36,675 | WARNING | QUARANTINE | record_id=2752 | reason=NULL or blank camera_node_id
2026-08-15 17:52:36,693 | WARNING | QUARANTINE | record_id=2767 | reason=NULL or blank camera_node_id
2026-08-15 17:52:36,696 | WARNING | QUARANTINE | record_id=2769 | reason=extreme vehicle_count outlier (>= 5000)
2026-08-15 17:52:36,698 | WARNING | QUARANTINE | record_id=2773 | reason=negative vehicle_count
2026-08-15 17:52:36,701 | WARNING | QUARANTINE | record_id=2778 | reason=negative vehicle_count
2026-08-15 17:52:36,702 | WARNING | QUARANTINE | record_id=2780 | reason=negative vehicle_count
2026-08-15 17:52:36,725 | WARNING | QUARANTINE | record_id=2798 | reason=negative vehicle_count
2026-08-15 17:52:36,729 | WARNING | QUARANTINE | record_id=2804 | reason=negative vehicle_count
2026-08-15 17:52:36,729 | WARNING | QUARANTINE | record_id=2805 | reason=negative vehicle_count
2026-08-15 17:52:36,729 | WARNING | QUARANTINE | record_id=2806 | reason=NULL or blank camera_node_id
2026-08-15 17:52:36,747 | WARNING | QUARANTINE | record_id=2817 | reason=NULL or blank camera_node_id
2026-08-15 17:52:36,747 | WARNING | QUARANTINE | record_id=2818 | reason=extreme vehicle_count outlier (>= 5000)
2026-08-15 17:52:36,779 | WARNING | QUARANTINE | record_id=2847 | reason=NULL or blank camera_node_id
2026-08-15 17:52:36,786 | WARNING | QUARANTINE | record_id=2852 | reason=NULL or blank camera_node_id
2026-08-15 17:52:36,787 | WARNING | QUARANTINE | record_id=2853 | reason=negative vehicle_count
2026-08-15 17:52:36,808 | WARNING | QUARANTINE | record_id=2866 | reason=negative vehicle_count
2026-08-15 17:52:36,817 | WARNING | QUARANTINE | record_id=2873 | reason=NULL or blank camera_node_id
2026-08-15 17:52:36,830 | WARNING | QUARANTINE | record_id=2886 | reason=negative vehicle_count
2026-08-15 17:52:36,844 | WARNING | QUARANTINE | record_id=2900 | reason=negative vehicle_count
2026-08-15 17:52:36,844 | WARNING | QUARANTINE | record_id=2901 | reason=NULL or blank camera_node_id
2026-08-15 17:52:36,845 | WARNING | QUARANTINE | record_id=2903 | reason=extreme vehicle_count outlier (>= 5000)
2026-08-15 17:52:36,847 | WARNING | QUARANTINE | record_id=2906 | reason=negative vehicle_count
2026-08-15 17:52:36,851 | WARNING | QUARANTINE | record_id=2912 | reason=NULL or blank camera_node_id
2026-08-15 17:52:36,860 | WARNING | QUARANTINE | record_id=2920 | reason=negative vehicle_count
2026-08-15 17:52:36,861 | WARNING | QUARANTINE | record_id=2923 | reason=negative vehicle_count
2026-08-15 17:52:36,867 | WARNING | QUARANTINE | record_id=2931 | reason=extreme vehicle_count outlier (>= 5000)
2026-08-15 17:52:36,884 | WARNING | QUARANTINE | record_id=2948 | reason=NULL or blank camera_node_id
2026-08-15 17:52:36,893 | WARNING | QUARANTINE | record_id=2955 | reason=NULL or blank camera_node_id
2026-08-15 17:52:36,919 | WARNING | QUARANTINE | record_id=2975 | reason=NULL or blank camera_node_id
2026-08-15 17:52:36,930 | WARNING | QUARANTINE | record_id=2981 | reason=negative vehicle_count
2026-08-15 17:52:36,948 | WARNING | QUARANTINE | record_id=2991 | reason=NULL or blank camera_node_id
2026-08-15 17:52:36,960 | WARNING | QUARANTINE | record_id=2996 | reason=NULL or blank camera_node_id
2026-08-15 17:52:36,960 | WARNING | QUARANTINE | record_id=2997 | reason=NULL or blank camera_node_id
2026-08-15 17:52:36,993 | WARNING | QUARANTINE | record_id=3019 | reason=negative vehicle_count
2026-08-15 17:52:37,002 | WARNING | QUARANTINE | record_id=3026 | reason=extreme vehicle_count outlier (>= 5000)
2026-08-15 17:52:37,015 | WARNING | QUARANTINE | record_id=3041 | reason=NULL or blank camera_node_id
2026-08-15 17:52:37,041 | WARNING | QUARANTINE | record_id=3067 | reason=extreme vehicle_count outlier (>= 5000)
2026-08-15 17:52:37,041 | WARNING | QUARANTINE | record_id=3069 | reason=NULL or blank camera_node_id
2026-08-15 17:52:37,042 | WARNING | QUARANTINE | record_id=3071 | reason=negative vehicle_count
2026-08-15 17:52:37,076 | WARNING | QUARANTINE | record_id=3121 | reason=NULL or blank camera_node_id
2026-08-15 17:52:37,090 | WARNING | QUARANTINE | record_id=3142 | reason=NULL or blank camera_node_id
2026-08-15 17:52:37,097 | WARNING | QUARANTINE | record_id=3153 | reason=extreme vehicle_count outlier (>= 5000)
2026-08-15 17:52:37,098 | WARNING | QUARANTINE | record_id=3155 | reason=NULL or blank camera_node_id
2026-08-15 17:52:37,103 | WARNING | QUARANTINE | record_id=3163 | reason=NULL or blank camera_node_id
2026-08-15 17:52:37,106 | WARNING | QUARANTINE | record_id=3168 | reason=extreme vehicle_count outlier (>= 5000)
2026-08-15 17:52:37,108 | WARNING | QUARANTINE | record_id=3171 | reason=NULL or blank camera_node_id
2026-08-15 17:52:37,113 | WARNING | QUARANTINE | record_id=3179 | reason=NULL or blank camera_node_id
2026-08-15 17:52:37,162 | WARNING | QUARANTINE | record_id=3214 | reason=NULL or blank camera_node_id
2026-08-15 17:52:37,196 | WARNING | QUARANTINE | record_id=3234 | reason=NULL or blank camera_node_id
2026-08-15 17:52:37,212 | WARNING | QUARANTINE | record_id=3244 | reason=extreme vehicle_count outlier (>= 5000)
2026-08-15 17:52:37,218 | WARNING | QUARANTINE | record_id=3248 | reason=extreme vehicle_count outlier (>= 5000)
2026-08-15 17:52:37,235 | WARNING | QUARANTINE | record_id=3259 | reason=NULL or blank camera_node_id
2026-08-15 17:52:37,236 | WARNING | QUARANTINE | record_id=3261 | reason=negative vehicle_count
2026-08-15 17:52:37,256 | WARNING | QUARANTINE | record_id=3274 | reason=negative vehicle_count
2026-08-15 17:52:37,261 | WARNING | QUARANTINE | record_id=3278 | reason=NULL or blank camera_node_id
2026-08-15 17:52:37,267 | WARNING | QUARANTINE | record_id=3282 | reason=NULL or blank camera_node_id
2026-08-15 17:52:37,273 | WARNING | QUARANTINE | record_id=3286 | reason=NULL or blank camera_node_id
2026-08-15 17:52:37,282 | WARNING | QUARANTINE | record_id=3294 | reason=negative vehicle_count
2026-08-15 17:52:37,288 | WARNING | QUARANTINE | record_id=3303 | reason=extreme vehicle_count outlier (>= 5000)
2026-08-15 17:52:37,290 | WARNING | QUARANTINE | record_id=3307 | reason=extreme vehicle_count outlier (>= 5000)
2026-08-15 17:52:37,291 | WARNING | QUARANTINE | record_id=3308 | reason=negative vehicle_count
2026-08-15 17:52:37,311 | WARNING | QUARANTINE | record_id=3338 | reason=negative vehicle_count
2026-08-15 17:52:37,314 | WARNING | QUARANTINE | record_id=3342 | reason=NULL or blank camera_node_id
2026-08-15 17:52:37,322 | WARNING | QUARANTINE | record_id=3355 | reason=NULL or blank camera_node_id
2026-08-15 17:52:37,325 | WARNING | QUARANTINE | record_id=3360 | reason=extreme vehicle_count outlier (>= 5000)
2026-08-15 17:52:37,330 | WARNING | QUARANTINE | record_id=3368 | reason=NULL or blank camera_node_id
2026-08-15 17:52:37,335 | WARNING | QUARANTINE | record_id=3376 | reason=extreme vehicle_count outlier (>= 5000)
2026-08-15 17:52:37,340 | WARNING | QUARANTINE | record_id=3383 | reason=negative vehicle_count
2026-08-15 17:52:37,352 | WARNING | QUARANTINE | record_id=3403 | reason=NULL or blank camera_node_id
2026-08-15 17:52:37,354 | WARNING | QUARANTINE | record_id=3406 | reason=extreme vehicle_count outlier (>= 5000)
2026-08-15 17:52:37,355 | WARNING | QUARANTINE | record_id=3409 | reason=NULL or blank camera_node_id
2026-08-15 17:52:37,357 | WARNING | QUARANTINE | record_id=3413 | reason=NULL or blank camera_node_id
2026-08-15 17:52:37,359 | WARNING | QUARANTINE | record_id=3416 | reason=NULL or blank camera_node_id
2026-08-15 17:52:37,366 | WARNING | QUARANTINE | record_id=3428 | reason=negative vehicle_count
2026-08-15 17:52:37,370 | WARNING | QUARANTINE | record_id=3434 | reason=NULL or blank camera_node_id
2026-08-15 17:52:37,370 | WARNING | QUARANTINE | record_id=3435 | reason=negative vehicle_count
2026-08-15 17:52:37,378 | WARNING | QUARANTINE | record_id=3448 | reason=extreme vehicle_count outlier (>= 5000)
2026-08-15 17:52:37,379 | WARNING | QUARANTINE | record_id=3450 | reason=negative vehicle_count
2026-08-15 17:52:37,384 | WARNING | QUARANTINE | record_id=3459 | reason=NULL or blank camera_node_id
2026-08-15 17:52:37,387 | WARNING | QUARANTINE | record_id=3465 | reason=NULL or blank camera_node_id
2026-08-15 17:52:37,389 | WARNING | QUARANTINE | record_id=3469 | reason=NULL or blank camera_node_id
2026-08-15 17:52:37,393 | WARNING | QUARANTINE | record_id=3473 | reason=NULL or blank camera_node_id
2026-08-15 17:52:37,397 | WARNING | QUARANTINE | record_id=3480 | reason=NULL or blank camera_node_id
2026-08-15 17:52:37,400 | WARNING | QUARANTINE | record_id=3486 | reason=NULL or blank camera_node_id
2026-08-15 17:52:37,404 | WARNING | QUARANTINE | record_id=3493 | reason=NULL or blank camera_node_id
2026-08-15 17:52:37,405 | WARNING | QUARANTINE | record_id=3496 | reason=negative vehicle_count
2026-08-15 17:52:37,410 | WARNING | QUARANTINE | record_id=3504 | reason=negative vehicle_count
2026-08-15 17:52:37,413 | WARNING | QUARANTINE | record_id=3510 | reason=negative vehicle_count
2026-08-15 17:52:37,436 | WARNING | QUARANTINE | record_id=3548 | reason=NULL or blank camera_node_id
2026-08-15 17:52:37,441 | WARNING | QUARANTINE | record_id=3557 | reason=NULL or blank camera_node_id
2026-08-15 17:52:37,443 | WARNING | QUARANTINE | record_id=3562 | reason=NULL or blank camera_node_id
2026-08-15 17:52:37,474 | WARNING | QUARANTINE | record_id=3607 | reason=NULL or blank camera_node_id
2026-08-15 17:52:37,498 | WARNING | QUARANTINE | record_id=3622 | reason=extreme vehicle_count outlier (>= 5000)
2026-08-15 17:52:37,512 | WARNING | QUARANTINE | record_id=3631 | reason=NULL or blank camera_node_id
2026-08-15 17:52:37,519 | WARNING | QUARANTINE | record_id=3636 | reason=negative vehicle_count
2026-08-15 17:52:37,529 | WARNING | QUARANTINE | record_id=3643 | reason=negative vehicle_count
2026-08-15 17:52:37,540 | WARNING | QUARANTINE | record_id=3650 | reason=NULL or blank camera_node_id
2026-08-15 17:52:37,543 | WARNING | QUARANTINE | record_id=3653 | reason=NULL or blank camera_node_id
2026-08-15 17:52:37,565 | WARNING | QUARANTINE | record_id=3668 | reason=NULL or blank camera_node_id
2026-08-15 17:52:37,580 | WARNING | QUARANTINE | record_id=3677 | reason=NULL or blank camera_node_id
2026-08-15 17:52:37,601 | WARNING | QUARANTINE | record_id=3690 | reason=NULL or blank camera_node_id
2026-08-15 17:52:37,607 | WARNING | QUARANTINE | record_id=3694 | reason=negative vehicle_count
2026-08-15 17:52:37,612 | WARNING | QUARANTINE | record_id=3698 | reason=NULL or blank camera_node_id
2026-08-15 17:52:37,641 | WARNING | QUARANTINE | record_id=3739 | reason=negative vehicle_count
2026-08-15 17:52:37,649 | WARNING | QUARANTINE | record_id=3749 | reason=negative vehicle_count
2026-08-15 17:52:37,652 | WARNING | QUARANTINE | record_id=3754 | reason=extreme vehicle_count outlier (>= 5000)
2026-08-15 17:52:37,664 | WARNING | QUARANTINE | record_id=3766 | reason=negative vehicle_count
2026-08-15 17:52:37,665 | WARNING | QUARANTINE | record_id=3768 | reason=negative vehicle_count
2026-08-15 17:52:37,676 | WARNING | QUARANTINE | record_id=3780 | reason=NULL or blank camera_node_id
2026-08-15 17:52:37,691 | WARNING | QUARANTINE | record_id=3790 | reason=extreme vehicle_count outlier (>= 5000)
2026-08-15 17:52:37,702 | WARNING | QUARANTINE | record_id=3797 | reason=extreme vehicle_count outlier (>= 5000)
2026-08-15 17:52:37,721 | WARNING | QUARANTINE | record_id=3810 | reason=negative vehicle_count
2026-08-15 17:52:37,730 | WARNING | QUARANTINE | record_id=3824 | reason=NULL or blank camera_node_id
2026-08-15 17:52:37,740 | WARNING | QUARANTINE | record_id=3840 | reason=extreme vehicle_count outlier (>= 5000)
2026-08-15 17:52:37,756 | WARNING | QUARANTINE | record_id=3857 | reason=extreme vehicle_count outlier (>= 5000)
2026-08-15 17:52:37,756 | WARNING | QUARANTINE | record_id=3858 | reason=NULL or blank camera_node_id
2026-08-15 17:52:37,758 | WARNING | QUARANTINE | record_id=3860 | reason=negative vehicle_count
2026-08-15 17:52:37,760 | WARNING | QUARANTINE | record_id=3862 | reason=NULL or blank camera_node_id
2026-08-15 17:52:37,779 | WARNING | QUARANTINE | record_id=3874 | reason=NULL or blank camera_node_id
2026-08-15 17:52:37,779 | WARNING | QUARANTINE | record_id=3875 | reason=NULL or blank camera_node_id
2026-08-15 17:52:37,785 | WARNING | QUARANTINE | record_id=3879 | reason=negative vehicle_count
2026-08-15 17:52:37,789 | WARNING | QUARANTINE | record_id=3882 | reason=NULL or blank camera_node_id
2026-08-15 17:52:37,810 | WARNING | QUARANTINE | record_id=3895 | reason=NULL or blank camera_node_id
2026-08-15 17:52:37,849 | WARNING | QUARANTINE | record_id=3934 | reason=negative vehicle_count
2026-08-15 17:52:37,851 | WARNING | QUARANTINE | record_id=3938 | reason=negative vehicle_count
2026-08-15 17:52:37,855 | WARNING | QUARANTINE | record_id=3945 | reason=NULL or blank camera_node_id
2026-08-15 17:52:37,860 | WARNING | QUARANTINE | record_id=3952 | reason=NULL or blank camera_node_id
2026-08-15 17:52:37,866 | WARNING | QUARANTINE | record_id=3961 | reason=NULL or blank camera_node_id
2026-08-15 17:52:37,870 | WARNING | QUARANTINE | record_id=3968 | reason=NULL or blank camera_node_id
2026-08-15 17:52:37,870 | WARNING | QUARANTINE | record_id=3969 | reason=NULL or blank camera_node_id
2026-08-15 17:52:37,882 | WARNING | QUARANTINE | record_id=3986 | reason=NULL or blank camera_node_id
2026-08-15 17:52:37,885 | WARNING | QUARANTINE | record_id=3992 | reason=NULL or blank camera_node_id
2026-08-15 17:52:37,904 | INFO | VALIDATION | valid_rows=3600 | quarantined_rows=400
2026-08-15 17:52:37,920 | INFO | QUARANTINE_WRITE | path=D:\UPHD\4TH YR\1st sem\mini_project\AngDelaPena_prelim_project\quarantine\null_sensor_nodes.csv | rows=400
2026-08-15 17:52:38,372 | INFO | PARQUET_WRITE | path=D:\UPHD\4TH YR\1st sem\mini_project\AngDelaPena_prelim_project\data\analytics\hourly_grid_throughput.parquet | rows=3600 | compression=snappy | partitions=intersection_zone/year/month
2026-08-15 17:52:38,372 | INFO | PIPELINE_SUCCESS | source_rows=4000 | clean_rows=3600 | quarantined_rows=400 | output_rows=3600 | elapsed_seconds=5.1600
2026-08-15 17:58:35,610 | INFO | EXTRACT | rows=4000 | source_sha256=26e87762f0c481e1fef90f5a2fb8db7bb28987e25e9b54c749763dfa919d5069
2026-08-15 17:58:35,646 | WARNING | QUARANTINE | record_id=1 | reason=negative vehicle_count
2026-08-15 17:58:35,689 | WARNING | QUARANTINE | record_id=46 | reason=negative vehicle_count
2026-08-15 17:58:35,692 | WARNING | QUARANTINE | record_id=50 | reason=negative vehicle_count
2026-08-15 17:58:35,697 | WARNING | QUARANTINE | record_id=58 | reason=NULL or blank camera_node_id
2026-08-15 17:58:35,703 | WARNING | QUARANTINE | record_id=67 | reason=NULL or blank camera_node_id
2026-08-15 17:58:35,705 | WARNING | QUARANTINE | record_id=70 | reason=NULL or blank camera_node_id
2026-08-15 17:58:35,710 | WARNING | QUARANTINE | record_id=77 | reason=negative vehicle_count
2026-08-15 17:58:35,713 | WARNING | QUARANTINE | record_id=81 | reason=NULL or blank camera_node_id
2026-08-15 17:58:35,720 | WARNING | QUARANTINE | record_id=93 | reason=negative vehicle_count
2026-08-15 17:58:35,734 | WARNING | QUARANTINE | record_id=113 | reason=NULL or blank camera_node_id
2026-08-15 17:58:35,748 | WARNING | QUARANTINE | record_id=133 | reason=negative vehicle_count
2026-08-15 17:58:35,759 | WARNING | QUARANTINE | record_id=145 | reason=NULL or blank camera_node_id
2026-08-15 17:58:35,763 | WARNING | QUARANTINE | record_id=151 | reason=extreme vehicle_count outlier (>= 5000)
2026-08-15 17:58:35,770 | WARNING | QUARANTINE | record_id=162 | reason=NULL or blank camera_node_id
2026-08-15 17:58:35,782 | WARNING | QUARANTINE | record_id=180 | reason=negative vehicle_count
2026-08-15 17:58:35,787 | WARNING | QUARANTINE | record_id=189 | reason=NULL or blank camera_node_id
2026-08-15 17:58:35,787 | WARNING | QUARANTINE | record_id=190 | reason=extreme vehicle_count outlier (>= 5000)
2026-08-15 17:58:35,790 | WARNING | QUARANTINE | record_id=195 | reason=negative vehicle_count
2026-08-15 17:58:35,799 | WARNING | QUARANTINE | record_id=211 | reason=negative vehicle_count
2026-08-15 17:58:35,804 | WARNING | QUARANTINE | record_id=219 | reason=extreme vehicle_count outlier (>= 5000)
2026-08-15 17:58:35,804 | WARNING | QUARANTINE | record_id=220 | reason=NULL or blank camera_node_id
2026-08-15 17:58:35,817 | WARNING | QUARANTINE | record_id=239 | reason=negative vehicle_count
2026-08-15 17:58:35,820 | WARNING | QUARANTINE | record_id=243 | reason=NULL or blank camera_node_id
2026-08-15 17:58:35,837 | WARNING | QUARANTINE | record_id=264 | reason=NULL or blank camera_node_id
2026-08-15 17:58:35,838 | WARNING | QUARANTINE | record_id=267 | reason=NULL or blank camera_node_id
2026-08-15 17:58:35,851 | WARNING | QUARANTINE | record_id=284 | reason=extreme vehicle_count outlier (>= 5000)
2026-08-15 17:58:35,998 | WARNING | QUARANTINE | record_id=302 | reason=NULL or blank camera_node_id
2026-08-15 17:58:35,998 | WARNING | QUARANTINE | record_id=303 | reason=extreme vehicle_count outlier (>= 5000)
2026-08-15 17:58:36,008 | WARNING | QUARANTINE | record_id=312 | reason=negative vehicle_count
2026-08-15 17:58:36,016 | WARNING | QUARANTINE | record_id=321 | reason=NULL or blank camera_node_id
2026-08-15 17:58:36,035 | WARNING | QUARANTINE | record_id=344 | reason=NULL or blank camera_node_id
2026-08-15 17:58:36,040 | WARNING | QUARANTINE | record_id=350 | reason=negative vehicle_count
2026-08-15 17:58:36,042 | WARNING | QUARANTINE | record_id=353 | reason=extreme vehicle_count outlier (>= 5000)
2026-08-15 17:58:36,043 | WARNING | QUARANTINE | record_id=356 | reason=NULL or blank camera_node_id
2026-08-15 17:58:36,057 | WARNING | QUARANTINE | record_id=373 | reason=negative vehicle_count
2026-08-15 17:58:36,059 | WARNING | QUARANTINE | record_id=376 | reason=extreme vehicle_count outlier (>= 5000)
2026-08-15 17:58:36,087 | WARNING | QUARANTINE | record_id=410 | reason=NULL or blank camera_node_id
2026-08-15 17:58:36,099 | WARNING | QUARANTINE | record_id=427 | reason=negative vehicle_count
2026-08-15 17:58:36,102 | WARNING | QUARANTINE | record_id=431 | reason=negative vehicle_count
2026-08-15 17:58:36,103 | WARNING | QUARANTINE | record_id=433 | reason=extreme vehicle_count outlier (>= 5000)
2026-08-15 17:58:36,112 | WARNING | QUARANTINE | record_id=445 | reason=negative vehicle_count
2026-08-15 17:58:36,112 | WARNING | QUARANTINE | record_id=446 | reason=negative vehicle_count
2026-08-15 17:58:36,120 | WARNING | QUARANTINE | record_id=458 | reason=NULL or blank camera_node_id
2026-08-15 17:58:36,129 | WARNING | QUARANTINE | record_id=472 | reason=extreme vehicle_count outlier (>= 5000)
2026-08-15 17:58:36,134 | WARNING | QUARANTINE | record_id=481 | reason=extreme vehicle_count outlier (>= 5000)
2026-08-15 17:58:36,146 | WARNING | QUARANTINE | record_id=500 | reason=NULL or blank camera_node_id
2026-08-15 17:58:36,163 | WARNING | QUARANTINE | record_id=526 | reason=NULL or blank camera_node_id
2026-08-15 17:58:36,163 | WARNING | QUARANTINE | record_id=527 | reason=NULL or blank camera_node_id
2026-08-15 17:58:36,167 | WARNING | QUARANTINE | record_id=532 | reason=extreme vehicle_count outlier (>= 5000)
2026-08-15 17:58:36,177 | WARNING | QUARANTINE | record_id=548 | reason=NULL or blank camera_node_id
2026-08-15 17:58:36,183 | WARNING | QUARANTINE | record_id=558 | reason=negative vehicle_count
2026-08-15 17:58:36,209 | WARNING | QUARANTINE | record_id=601 | reason=NULL or blank camera_node_id
2026-08-15 17:58:36,215 | WARNING | QUARANTINE | record_id=611 | reason=NULL or blank camera_node_id
2026-08-15 17:58:36,221 | WARNING | QUARANTINE | record_id=621 | reason=NULL or blank camera_node_id
2026-08-15 17:58:36,241 | WARNING | QUARANTINE | record_id=652 | reason=NULL or blank camera_node_id
2026-08-15 17:58:36,249 | WARNING | QUARANTINE | record_id=664 | reason=NULL or blank camera_node_id
2026-08-15 17:58:36,260 | WARNING | QUARANTINE | record_id=680 | reason=NULL or blank camera_node_id
2026-08-15 17:58:36,263 | WARNING | QUARANTINE | record_id=686 | reason=NULL or blank camera_node_id
2026-08-15 17:58:36,266 | WARNING | QUARANTINE | record_id=690 | reason=negative vehicle_count
2026-08-15 17:58:36,268 | WARNING | QUARANTINE | record_id=694 | reason=extreme vehicle_count outlier (>= 5000)
2026-08-15 17:58:36,268 | WARNING | QUARANTINE | record_id=695 | reason=NULL or blank camera_node_id
2026-08-15 17:58:36,282 | WARNING | QUARANTINE | record_id=712 | reason=negative vehicle_count
2026-08-15 17:58:36,288 | WARNING | QUARANTINE | record_id=720 | reason=NULL or blank camera_node_id
2026-08-15 17:58:36,304 | WARNING | QUARANTINE | record_id=740 | reason=NULL or blank camera_node_id
2026-08-15 17:58:36,328 | WARNING | QUARANTINE | record_id=769 | reason=extreme vehicle_count outlier (>= 5000)
2026-08-15 17:58:36,332 | WARNING | QUARANTINE | record_id=774 | reason=negative vehicle_count
2026-08-15 17:58:36,338 | WARNING | QUARANTINE | record_id=782 | reason=NULL or blank camera_node_id
2026-08-15 17:58:36,358 | WARNING | QUARANTINE | record_id=806 | reason=NULL or blank camera_node_id
2026-08-15 17:58:36,365 | WARNING | QUARANTINE | record_id=814 | reason=negative vehicle_count
2026-08-15 17:58:36,371 | WARNING | QUARANTINE | record_id=824 | reason=negative vehicle_count
2026-08-15 17:58:36,374 | WARNING | QUARANTINE | record_id=830 | reason=NULL or blank camera_node_id
2026-08-15 17:58:36,381 | WARNING | QUARANTINE | record_id=841 | reason=NULL or blank camera_node_id
2026-08-15 17:58:36,383 | WARNING | QUARANTINE | record_id=845 | reason=NULL or blank camera_node_id
2026-08-15 17:58:36,391 | WARNING | QUARANTINE | record_id=858 | reason=negative vehicle_count
2026-08-15 17:58:36,393 | WARNING | QUARANTINE | record_id=861 | reason=NULL or blank camera_node_id
2026-08-15 17:58:36,396 | WARNING | QUARANTINE | record_id=866 | reason=NULL or blank camera_node_id
2026-08-15 17:58:36,396 | WARNING | QUARANTINE | record_id=867 | reason=NULL or blank camera_node_id
2026-08-15 17:58:36,399 | WARNING | QUARANTINE | record_id=872 | reason=NULL or blank camera_node_id
2026-08-15 17:58:36,399 | WARNING | QUARANTINE | record_id=874 | reason=negative vehicle_count
2026-08-15 17:58:36,421 | WARNING | QUARANTINE | record_id=903 | reason=NULL or blank camera_node_id
2026-08-15 17:58:36,421 | WARNING | QUARANTINE | record_id=904 | reason=NULL or blank camera_node_id
2026-08-15 17:58:36,437 | WARNING | QUARANTINE | record_id=920 | reason=NULL or blank camera_node_id
2026-08-15 17:58:36,437 | WARNING | QUARANTINE | record_id=921 | reason=NULL or blank camera_node_id
2026-08-15 17:58:36,453 | WARNING | QUARANTINE | record_id=937 | reason=negative vehicle_count
2026-08-15 17:58:36,470 | WARNING | QUARANTINE | record_id=953 | reason=negative vehicle_count
2026-08-15 17:58:36,481 | WARNING | QUARANTINE | record_id=963 | reason=extreme vehicle_count outlier (>= 5000)
2026-08-15 17:58:36,482 | WARNING | QUARANTINE | record_id=965 | reason=NULL or blank camera_node_id
2026-08-15 17:58:36,498 | WARNING | QUARANTINE | record_id=981 | reason=extreme vehicle_count outlier (>= 5000)
2026-08-15 17:58:36,525 | WARNING | QUARANTINE | record_id=1011 | reason=negative vehicle_count
2026-08-15 17:58:36,527 | WARNING | QUARANTINE | record_id=1014 | reason=extreme vehicle_count outlier (>= 5000)
2026-08-15 17:58:36,538 | WARNING | QUARANTINE | record_id=1031 | reason=negative vehicle_count
2026-08-15 17:58:36,545 | WARNING | QUARANTINE | record_id=1042 | reason=negative vehicle_count
2026-08-15 17:58:36,550 | WARNING | QUARANTINE | record_id=1050 | reason=negative vehicle_count
2026-08-15 17:58:36,555 | WARNING | QUARANTINE | record_id=1059 | reason=extreme vehicle_count outlier (>= 5000)
2026-08-15 17:58:36,559 | WARNING | QUARANTINE | record_id=1065 | reason=negative vehicle_count
2026-08-15 17:58:36,562 | WARNING | QUARANTINE | record_id=1071 | reason=extreme vehicle_count outlier (>= 5000)
2026-08-15 17:58:36,569 | WARNING | QUARANTINE | record_id=1082 | reason=NULL or blank camera_node_id
2026-08-15 17:58:36,570 | WARNING | QUARANTINE | record_id=1084 | reason=negative vehicle_count
2026-08-15 17:58:36,570 | WARNING | QUARANTINE | record_id=1086 | reason=NULL or blank camera_node_id
2026-08-15 17:58:36,570 | WARNING | QUARANTINE | record_id=1087 | reason=NULL or blank camera_node_id
2026-08-15 17:58:36,580 | WARNING | QUARANTINE | record_id=1103 | reason=negative vehicle_count
2026-08-15 17:58:36,590 | WARNING | QUARANTINE | record_id=1118 | reason=NULL or blank camera_node_id
2026-08-15 17:58:36,592 | WARNING | QUARANTINE | record_id=1122 | reason=NULL or blank camera_node_id
2026-08-15 17:58:36,603 | WARNING | QUARANTINE | record_id=1141 | reason=negative vehicle_count
2026-08-15 17:58:36,606 | WARNING | QUARANTINE | record_id=1146 | reason=NULL or blank camera_node_id
2026-08-15 17:58:36,609 | WARNING | QUARANTINE | record_id=1152 | reason=NULL or blank camera_node_id
2026-08-15 17:58:36,611 | WARNING | QUARANTINE | record_id=1156 | reason=NULL or blank camera_node_id
2026-08-15 17:58:36,612 | WARNING | QUARANTINE | record_id=1158 | reason=extreme vehicle_count outlier (>= 5000)
2026-08-15 17:58:36,616 | WARNING | QUARANTINE | record_id=1165 | reason=extreme vehicle_count outlier (>= 5000)
2026-08-15 17:58:36,618 | WARNING | QUARANTINE | record_id=1169 | reason=extreme vehicle_count outlier (>= 5000)
2026-08-15 17:58:36,618 | WARNING | QUARANTINE | record_id=1170 | reason=NULL or blank camera_node_id
2026-08-15 17:58:36,618 | WARNING | QUARANTINE | record_id=1171 | reason=negative vehicle_count
2026-08-15 17:58:36,619 | WARNING | QUARANTINE | record_id=1172 | reason=negative vehicle_count
2026-08-15 17:58:36,621 | WARNING | QUARANTINE | record_id=1177 | reason=negative vehicle_count
2026-08-15 17:58:36,626 | WARNING | QUARANTINE | record_id=1185 | reason=NULL or blank camera_node_id
2026-08-15 17:58:36,629 | WARNING | QUARANTINE | record_id=1191 | reason=extreme vehicle_count outlier (>= 5000)
2026-08-15 17:58:36,630 | WARNING | QUARANTINE | record_id=1193 | reason=NULL or blank camera_node_id
2026-08-15 17:58:36,639 | WARNING | QUARANTINE | record_id=1207 | reason=negative vehicle_count
2026-08-15 17:58:36,651 | WARNING | QUARANTINE | record_id=1227 | reason=negative vehicle_count
2026-08-15 17:58:36,652 | WARNING | QUARANTINE | record_id=1229 | reason=NULL or blank camera_node_id
2026-08-15 17:58:36,659 | WARNING | QUARANTINE | record_id=1243 | reason=extreme vehicle_count outlier (>= 5000)
2026-08-15 17:58:36,669 | WARNING | QUARANTINE | record_id=1254 | reason=extreme vehicle_count outlier (>= 5000)
2026-08-15 17:58:36,682 | WARNING | QUARANTINE | record_id=1267 | reason=negative vehicle_count
2026-08-15 17:58:36,693 | WARNING | QUARANTINE | record_id=1284 | reason=negative vehicle_count
2026-08-15 17:58:36,696 | WARNING | QUARANTINE | record_id=1289 | reason=extreme vehicle_count outlier (>= 5000)
2026-08-15 17:58:36,697 | WARNING | QUARANTINE | record_id=1291 | reason=extreme vehicle_count outlier (>= 5000)
2026-08-15 17:58:36,702 | WARNING | QUARANTINE | record_id=1299 | reason=NULL or blank camera_node_id
2026-08-15 17:58:36,703 | WARNING | QUARANTINE | record_id=1302 | reason=NULL or blank camera_node_id
2026-08-15 17:58:36,705 | WARNING | QUARANTINE | record_id=1305 | reason=extreme vehicle_count outlier (>= 5000)
2026-08-15 17:58:36,723 | WARNING | QUARANTINE | record_id=1321 | reason=NULL or blank camera_node_id
2026-08-15 17:58:36,723 | WARNING | QUARANTINE | record_id=1322 | reason=extreme vehicle_count outlier (>= 5000)
2026-08-15 17:58:36,733 | WARNING | QUARANTINE | record_id=1340 | reason=NULL or blank camera_node_id
2026-08-15 17:58:36,735 | WARNING | QUARANTINE | record_id=1343 | reason=extreme vehicle_count outlier (>= 5000)
2026-08-15 17:58:36,736 | WARNING | QUARANTINE | record_id=1346 | reason=NULL or blank camera_node_id
2026-08-15 17:58:36,737 | WARNING | QUARANTINE | record_id=1348 | reason=extreme vehicle_count outlier (>= 5000)
2026-08-15 17:58:36,747 | WARNING | QUARANTINE | record_id=1367 | reason=negative vehicle_count
2026-08-15 17:58:36,749 | WARNING | QUARANTINE | record_id=1370 | reason=NULL or blank camera_node_id
2026-08-15 17:58:36,750 | WARNING | QUARANTINE | record_id=1373 | reason=NULL or blank camera_node_id
2026-08-15 17:58:36,753 | WARNING | QUARANTINE | record_id=1378 | reason=NULL or blank camera_node_id
2026-08-15 17:58:36,759 | WARNING | QUARANTINE | record_id=1389 | reason=NULL or blank camera_node_id
2026-08-15 17:58:36,761 | WARNING | QUARANTINE | record_id=1393 | reason=NULL or blank camera_node_id
2026-08-15 17:58:36,766 | WARNING | QUARANTINE | record_id=1403 | reason=negative vehicle_count
2026-08-15 17:58:36,771 | WARNING | QUARANTINE | record_id=1411 | reason=negative vehicle_count
2026-08-15 17:58:36,772 | WARNING | QUARANTINE | record_id=1414 | reason=negative vehicle_count
2026-08-15 17:58:36,779 | WARNING | QUARANTINE | record_id=1426 | reason=NULL or blank camera_node_id
2026-08-15 17:58:36,780 | WARNING | QUARANTINE | record_id=1428 | reason=NULL or blank camera_node_id
2026-08-15 17:58:36,785 | WARNING | QUARANTINE | record_id=1437 | reason=negative vehicle_count
2026-08-15 17:58:36,792 | WARNING | QUARANTINE | record_id=1450 | reason=NULL or blank camera_node_id
2026-08-15 17:58:36,800 | WARNING | QUARANTINE | record_id=1464 | reason=extreme vehicle_count outlier (>= 5000)
2026-08-15 17:58:36,803 | WARNING | QUARANTINE | record_id=1470 | reason=negative vehicle_count
2026-08-15 17:58:36,805 | WARNING | QUARANTINE | record_id=1474 | reason=NULL or blank camera_node_id
2026-08-15 17:58:36,818 | WARNING | QUARANTINE | record_id=1496 | reason=negative vehicle_count
2026-08-15 17:58:36,833 | WARNING | QUARANTINE | record_id=1519 | reason=NULL or blank camera_node_id
2026-08-15 17:58:36,834 | WARNING | QUARANTINE | record_id=1521 | reason=NULL or blank camera_node_id
2026-08-15 17:58:36,845 | WARNING | QUARANTINE | record_id=1540 | reason=extreme vehicle_count outlier (>= 5000)
2026-08-15 17:58:36,853 | WARNING | QUARANTINE | record_id=1553 | reason=extreme vehicle_count outlier (>= 5000)
2026-08-15 17:58:36,858 | WARNING | QUARANTINE | record_id=1561 | reason=NULL or blank camera_node_id
2026-08-15 17:58:36,866 | WARNING | QUARANTINE | record_id=1574 | reason=extreme vehicle_count outlier (>= 5000)
2026-08-15 17:58:36,882 | WARNING | QUARANTINE | record_id=1600 | reason=negative vehicle_count
2026-08-15 17:58:36,885 | WARNING | QUARANTINE | record_id=1606 | reason=NULL or blank camera_node_id
2026-08-15 17:58:36,905 | WARNING | QUARANTINE | record_id=1640 | reason=extreme vehicle_count outlier (>= 5000)
2026-08-15 17:58:36,909 | WARNING | QUARANTINE | record_id=1649 | reason=negative vehicle_count
2026-08-15 17:58:36,925 | WARNING | QUARANTINE | record_id=1661 | reason=extreme vehicle_count outlier (>= 5000)
2026-08-15 17:58:36,931 | WARNING | QUARANTINE | record_id=1669 | reason=NULL or blank camera_node_id
2026-08-15 17:58:36,935 | WARNING | QUARANTINE | record_id=1677 | reason=NULL or blank camera_node_id
2026-08-15 17:58:36,940 | WARNING | QUARANTINE | record_id=1685 | reason=NULL or blank camera_node_id
2026-08-15 17:58:36,946 | WARNING | QUARANTINE | record_id=1695 | reason=extreme vehicle_count outlier (>= 5000)
2026-08-15 17:58:36,948 | WARNING | QUARANTINE | record_id=1698 | reason=negative vehicle_count
2026-08-15 17:58:36,957 | WARNING | QUARANTINE | record_id=1713 | reason=negative vehicle_count
2026-08-15 17:58:36,963 | WARNING | QUARANTINE | record_id=1722 | reason=extreme vehicle_count outlier (>= 5000)
2026-08-15 17:58:36,977 | WARNING | QUARANTINE | record_id=1744 | reason=NULL or blank camera_node_id
2026-08-15 17:58:36,985 | WARNING | QUARANTINE | record_id=1757 | reason=NULL or blank camera_node_id
2026-08-15 17:58:36,988 | WARNING | QUARANTINE | record_id=1763 | reason=negative vehicle_count
2026-08-15 17:58:37,012 | WARNING | QUARANTINE | record_id=1805 | reason=NULL or blank camera_node_id
2026-08-15 17:58:37,016 | WARNING | QUARANTINE | record_id=1812 | reason=NULL or blank camera_node_id
2026-08-15 17:58:37,017 | WARNING | QUARANTINE | record_id=1815 | reason=extreme vehicle_count outlier (>= 5000)
2026-08-15 17:58:37,019 | WARNING | QUARANTINE | record_id=1818 | reason=extreme vehicle_count outlier (>= 5000)
2026-08-15 17:58:37,026 | WARNING | QUARANTINE | record_id=1830 | reason=NULL or blank camera_node_id
2026-08-15 17:58:37,035 | WARNING | QUARANTINE | record_id=1845 | reason=NULL or blank camera_node_id
2026-08-15 17:58:37,044 | WARNING | QUARANTINE | record_id=1862 | reason=NULL or blank camera_node_id
2026-08-15 17:58:37,047 | WARNING | QUARANTINE | record_id=1867 | reason=negative vehicle_count
2026-08-15 17:58:37,051 | WARNING | QUARANTINE | record_id=1875 | reason=negative vehicle_count
2026-08-15 17:58:37,051 | WARNING | QUARANTINE | record_id=1876 | reason=extreme vehicle_count outlier (>= 5000)
2026-08-15 17:58:37,054 | WARNING | QUARANTINE | record_id=1882 | reason=negative vehicle_count
2026-08-15 17:58:37,058 | WARNING | QUARANTINE | record_id=1890 | reason=NULL or blank camera_node_id
2026-08-15 17:58:37,059 | WARNING | QUARANTINE | record_id=1893 | reason=NULL or blank camera_node_id
2026-08-15 17:58:37,067 | WARNING | QUARANTINE | record_id=1906 | reason=NULL or blank camera_node_id
2026-08-15 17:58:37,069 | WARNING | QUARANTINE | record_id=1910 | reason=extreme vehicle_count outlier (>= 5000)
2026-08-15 17:58:37,112 | WARNING | QUARANTINE | record_id=1959 | reason=NULL or blank camera_node_id
2026-08-15 17:58:37,119 | WARNING | QUARANTINE | record_id=1970 | reason=extreme vehicle_count outlier (>= 5000)
2026-08-15 17:58:37,121 | WARNING | QUARANTINE | record_id=1973 | reason=extreme vehicle_count outlier (>= 5000)
2026-08-15 17:58:37,123 | WARNING | QUARANTINE | record_id=1978 | reason=NULL or blank camera_node_id
2026-08-15 17:58:37,130 | WARNING | QUARANTINE | record_id=1989 | reason=negative vehicle_count
2026-08-15 17:58:37,131 | WARNING | QUARANTINE | record_id=1992 | reason=NULL or blank camera_node_id
2026-08-15 17:58:37,135 | WARNING | QUARANTINE | record_id=1999 | reason=NULL or blank camera_node_id
2026-08-15 17:58:37,142 | WARNING | QUARANTINE | record_id=2012 | reason=negative vehicle_count
2026-08-15 17:58:37,153 | WARNING | QUARANTINE | record_id=2030 | reason=NULL or blank camera_node_id
2026-08-15 17:58:37,154 | WARNING | QUARANTINE | record_id=2031 | reason=NULL or blank camera_node_id
2026-08-15 17:58:37,154 | WARNING | QUARANTINE | record_id=2033 | reason=NULL or blank camera_node_id
2026-08-15 17:58:37,190 | WARNING | QUARANTINE | record_id=2050 | reason=NULL or blank camera_node_id
2026-08-15 17:58:37,201 | WARNING | QUARANTINE | record_id=2057 | reason=NULL or blank camera_node_id
2026-08-15 17:58:37,202 | WARNING | QUARANTINE | record_id=2059 | reason=NULL or blank camera_node_id
2026-08-15 17:58:37,240 | WARNING | QUARANTINE | record_id=2074 | reason=extreme vehicle_count outlier (>= 5000)
2026-08-15 17:58:37,246 | WARNING | QUARANTINE | record_id=2079 | reason=NULL or blank camera_node_id
2026-08-15 17:58:37,276 | WARNING | QUARANTINE | record_id=2107 | reason=negative vehicle_count
2026-08-15 17:58:37,282 | WARNING | QUARANTINE | record_id=2113 | reason=NULL or blank camera_node_id
2026-08-15 17:58:37,289 | WARNING | QUARANTINE | record_id=2121 | reason=NULL or blank camera_node_id
2026-08-15 17:58:37,316 | WARNING | QUARANTINE | record_id=2140 | reason=NULL or blank camera_node_id
2026-08-15 17:58:37,321 | WARNING | QUARANTINE | record_id=2144 | reason=negative vehicle_count
2026-08-15 17:58:37,330 | WARNING | QUARANTINE | record_id=2149 | reason=extreme vehicle_count outlier (>= 5000)
2026-08-15 17:58:37,344 | WARNING | QUARANTINE | record_id=2158 | reason=negative vehicle_count
2026-08-15 17:58:37,350 | WARNING | QUARANTINE | record_id=2162 | reason=NULL or blank camera_node_id
2026-08-15 17:58:37,376 | WARNING | QUARANTINE | record_id=2186 | reason=extreme vehicle_count outlier (>= 5000)
2026-08-15 17:58:37,376 | WARNING | QUARANTINE | record_id=2187 | reason=extreme vehicle_count outlier (>= 5000)
2026-08-15 17:58:37,377 | WARNING | QUARANTINE | record_id=2190 | reason=negative vehicle_count
2026-08-15 17:58:37,402 | WARNING | QUARANTINE | record_id=2227 | reason=negative vehicle_count
2026-08-15 17:58:37,407 | WARNING | QUARANTINE | record_id=2236 | reason=negative vehicle_count
2026-08-15 17:58:37,426 | WARNING | QUARANTINE | record_id=2265 | reason=negative vehicle_count
2026-08-15 17:58:37,443 | WARNING | QUARANTINE | record_id=2292 | reason=NULL or blank camera_node_id
2026-08-15 17:58:37,454 | WARNING | QUARANTINE | record_id=2310 | reason=NULL or blank camera_node_id
2026-08-15 17:58:37,458 | WARNING | QUARANTINE | record_id=2316 | reason=NULL or blank camera_node_id
2026-08-15 17:58:37,463 | WARNING | QUARANTINE | record_id=2324 | reason=NULL or blank camera_node_id
2026-08-15 17:58:37,475 | WARNING | QUARANTINE | record_id=2342 | reason=NULL or blank camera_node_id
2026-08-15 17:58:37,480 | WARNING | QUARANTINE | record_id=2351 | reason=extreme vehicle_count outlier (>= 5000)
2026-08-15 17:58:37,490 | WARNING | QUARANTINE | record_id=2366 | reason=negative vehicle_count
2026-08-15 17:58:37,493 | WARNING | QUARANTINE | record_id=2372 | reason=NULL or blank camera_node_id
2026-08-15 17:58:37,495 | WARNING | QUARANTINE | record_id=2375 | reason=negative vehicle_count
2026-08-15 17:58:37,500 | WARNING | QUARANTINE | record_id=2383 | reason=NULL or blank camera_node_id
2026-08-15 17:58:37,503 | WARNING | QUARANTINE | record_id=2388 | reason=negative vehicle_count
2026-08-15 17:58:37,515 | WARNING | QUARANTINE | record_id=2407 | reason=negative vehicle_count
2026-08-15 17:58:37,516 | WARNING | QUARANTINE | record_id=2410 | reason=extreme vehicle_count outlier (>= 5000)
2026-08-15 17:58:37,522 | WARNING | QUARANTINE | record_id=2419 | reason=NULL or blank camera_node_id
2026-08-15 17:58:37,527 | WARNING | QUARANTINE | record_id=2428 | reason=negative vehicle_count
2026-08-15 17:58:37,535 | WARNING | QUARANTINE | record_id=2441 | reason=NULL or blank camera_node_id
2026-08-15 17:58:37,539 | WARNING | QUARANTINE | record_id=2448 | reason=NULL or blank camera_node_id
2026-08-15 17:58:37,543 | WARNING | QUARANTINE | record_id=2452 | reason=NULL or blank camera_node_id
2026-08-15 17:58:37,548 | WARNING | QUARANTINE | record_id=2457 | reason=NULL or blank camera_node_id
2026-08-15 17:58:37,561 | WARNING | QUARANTINE | record_id=2467 | reason=extreme vehicle_count outlier (>= 5000)
2026-08-15 17:58:37,612 | WARNING | QUARANTINE | record_id=2524 | reason=negative vehicle_count
2026-08-15 17:58:37,612 | WARNING | QUARANTINE | record_id=2525 | reason=extreme vehicle_count outlier (>= 5000)
2026-08-15 17:58:37,620 | WARNING | QUARANTINE | record_id=2538 | reason=extreme vehicle_count outlier (>= 5000)
2026-08-15 17:58:37,638 | WARNING | QUARANTINE | record_id=2564 | reason=NULL or blank camera_node_id
2026-08-15 17:58:37,639 | WARNING | QUARANTINE | record_id=2567 | reason=NULL or blank camera_node_id
2026-08-15 17:58:37,642 | WARNING | QUARANTINE | record_id=2573 | reason=NULL or blank camera_node_id
2026-08-15 17:58:37,647 | WARNING | QUARANTINE | record_id=2581 | reason=NULL or blank camera_node_id
2026-08-15 17:58:37,650 | WARNING | QUARANTINE | record_id=2587 | reason=NULL or blank camera_node_id
2026-08-15 17:58:37,652 | WARNING | QUARANTINE | record_id=2590 | reason=NULL or blank camera_node_id
2026-08-15 17:58:37,655 | WARNING | QUARANTINE | record_id=2596 | reason=extreme vehicle_count outlier (>= 5000)
2026-08-15 17:58:37,658 | WARNING | QUARANTINE | record_id=2601 | reason=negative vehicle_count
2026-08-15 17:58:37,659 | WARNING | QUARANTINE | record_id=2603 | reason=extreme vehicle_count outlier (>= 5000)
2026-08-15 17:58:37,661 | WARNING | QUARANTINE | record_id=2607 | reason=negative vehicle_count
2026-08-15 17:58:37,661 | WARNING | QUARANTINE | record_id=2609 | reason=NULL or blank camera_node_id
2026-08-15 17:58:37,679 | WARNING | QUARANTINE | record_id=2636 | reason=NULL or blank camera_node_id
2026-08-15 17:58:37,684 | WARNING | QUARANTINE | record_id=2644 | reason=NULL or blank camera_node_id
2026-08-15 17:58:37,693 | WARNING | QUARANTINE | record_id=2659 | reason=extreme vehicle_count outlier (>= 5000)
2026-08-15 17:58:37,695 | WARNING | QUARANTINE | record_id=2663 | reason=negative vehicle_count
2026-08-15 17:58:37,697 | WARNING | QUARANTINE | record_id=2667 | reason=negative vehicle_count
2026-08-15 17:58:37,698 | WARNING | QUARANTINE | record_id=2668 | reason=extreme vehicle_count outlier (>= 5000)
2026-08-15 17:58:37,700 | WARNING | QUARANTINE | record_id=2672 | reason=extreme vehicle_count outlier (>= 5000)
2026-08-15 17:58:37,703 | WARNING | QUARANTINE | record_id=2678 | reason=negative vehicle_count
2026-08-15 17:58:37,704 | WARNING | QUARANTINE | record_id=2680 | reason=NULL or blank camera_node_id
2026-08-15 17:58:37,726 | WARNING | QUARANTINE | record_id=2716 | reason=negative vehicle_count
2026-08-15 17:58:37,728 | WARNING | QUARANTINE | record_id=2719 | reason=NULL or blank camera_node_id
2026-08-15 17:58:37,728 | WARNING | QUARANTINE | record_id=2720 | reason=NULL or blank camera_node_id
2026-08-15 17:58:37,730 | WARNING | QUARANTINE | record_id=2725 | reason=NULL or blank camera_node_id
2026-08-15 17:58:37,735 | WARNING | QUARANTINE | record_id=2733 | reason=negative vehicle_count
2026-08-15 17:58:37,735 | WARNING | QUARANTINE | record_id=2734 | reason=negative vehicle_count
2026-08-15 17:58:37,736 | WARNING | QUARANTINE | record_id=2737 | reason=NULL or blank camera_node_id
2026-08-15 17:58:37,747 | WARNING | QUARANTINE | record_id=2752 | reason=NULL or blank camera_node_id
2026-08-15 17:58:37,759 | WARNING | QUARANTINE | record_id=2767 | reason=NULL or blank camera_node_id
2026-08-15 17:58:37,761 | WARNING | QUARANTINE | record_id=2769 | reason=extreme vehicle_count outlier (>= 5000)
2026-08-15 17:58:37,765 | WARNING | QUARANTINE | record_id=2773 | reason=negative vehicle_count
2026-08-15 17:58:37,772 | WARNING | QUARANTINE | record_id=2778 | reason=negative vehicle_count
2026-08-15 17:58:37,774 | WARNING | QUARANTINE | record_id=2780 | reason=negative vehicle_count
2026-08-15 17:58:37,799 | WARNING | QUARANTINE | record_id=2798 | reason=negative vehicle_count
2026-08-15 17:58:37,805 | WARNING | QUARANTINE | record_id=2804 | reason=negative vehicle_count
2026-08-15 17:58:37,805 | WARNING | QUARANTINE | record_id=2805 | reason=negative vehicle_count
2026-08-15 17:58:37,805 | WARNING | QUARANTINE | record_id=2806 | reason=NULL or blank camera_node_id
2026-08-15 17:58:37,811 | WARNING | QUARANTINE | record_id=2817 | reason=NULL or blank camera_node_id
2026-08-15 17:58:37,811 | WARNING | QUARANTINE | record_id=2818 | reason=extreme vehicle_count outlier (>= 5000)
2026-08-15 17:58:37,829 | WARNING | QUARANTINE | record_id=2847 | reason=NULL or blank camera_node_id
2026-08-15 17:58:37,832 | WARNING | QUARANTINE | record_id=2852 | reason=NULL or blank camera_node_id
2026-08-15 17:58:37,832 | WARNING | QUARANTINE | record_id=2853 | reason=negative vehicle_count
2026-08-15 17:58:37,840 | WARNING | QUARANTINE | record_id=2866 | reason=negative vehicle_count
2026-08-15 17:58:37,844 | WARNING | QUARANTINE | record_id=2873 | reason=NULL or blank camera_node_id
2026-08-15 17:58:37,852 | WARNING | QUARANTINE | record_id=2886 | reason=negative vehicle_count
2026-08-15 17:58:37,860 | WARNING | QUARANTINE | record_id=2900 | reason=negative vehicle_count
2026-08-15 17:58:37,860 | WARNING | QUARANTINE | record_id=2901 | reason=NULL or blank camera_node_id
2026-08-15 17:58:37,861 | WARNING | QUARANTINE | record_id=2903 | reason=extreme vehicle_count outlier (>= 5000)
2026-08-15 17:58:37,862 | WARNING | QUARANTINE | record_id=2906 | reason=negative vehicle_count
2026-08-15 17:58:37,866 | WARNING | QUARANTINE | record_id=2912 | reason=NULL or blank camera_node_id
2026-08-15 17:58:37,877 | WARNING | QUARANTINE | record_id=2920 | reason=negative vehicle_count
2026-08-15 17:58:37,880 | WARNING | QUARANTINE | record_id=2923 | reason=negative vehicle_count
2026-08-15 17:58:37,890 | WARNING | QUARANTINE | record_id=2931 | reason=extreme vehicle_count outlier (>= 5000)
2026-08-15 17:58:37,915 | WARNING | QUARANTINE | record_id=2948 | reason=NULL or blank camera_node_id
2026-08-15 17:58:37,925 | WARNING | QUARANTINE | record_id=2955 | reason=NULL or blank camera_node_id
2026-08-15 17:58:37,955 | WARNING | QUARANTINE | record_id=2975 | reason=NULL or blank camera_node_id
2026-08-15 17:58:37,963 | WARNING | QUARANTINE | record_id=2981 | reason=negative vehicle_count
2026-08-15 17:58:37,977 | WARNING | QUARANTINE | record_id=2991 | reason=NULL or blank camera_node_id
2026-08-15 17:58:37,980 | WARNING | QUARANTINE | record_id=2996 | reason=NULL or blank camera_node_id
2026-08-15 17:58:37,980 | WARNING | QUARANTINE | record_id=2997 | reason=NULL or blank camera_node_id
2026-08-15 17:58:37,993 | WARNING | QUARANTINE | record_id=3019 | reason=negative vehicle_count
2026-08-15 17:58:37,997 | WARNING | QUARANTINE | record_id=3026 | reason=extreme vehicle_count outlier (>= 5000)
2026-08-15 17:58:38,006 | WARNING | QUARANTINE | record_id=3041 | reason=NULL or blank camera_node_id
2026-08-15 17:58:38,023 | WARNING | QUARANTINE | record_id=3067 | reason=extreme vehicle_count outlier (>= 5000)
2026-08-15 17:58:38,025 | WARNING | QUARANTINE | record_id=3069 | reason=NULL or blank camera_node_id
2026-08-15 17:58:38,027 | WARNING | QUARANTINE | record_id=3071 | reason=negative vehicle_count
2026-08-15 17:58:38,084 | WARNING | QUARANTINE | record_id=3121 | reason=NULL or blank camera_node_id
2026-08-15 17:58:38,098 | WARNING | QUARANTINE | record_id=3142 | reason=NULL or blank camera_node_id
2026-08-15 17:58:38,105 | WARNING | QUARANTINE | record_id=3153 | reason=extreme vehicle_count outlier (>= 5000)
2026-08-15 17:58:38,105 | WARNING | QUARANTINE | record_id=3155 | reason=NULL or blank camera_node_id
2026-08-15 17:58:38,110 | WARNING | QUARANTINE | record_id=3163 | reason=NULL or blank camera_node_id
2026-08-15 17:58:38,113 | WARNING | QUARANTINE | record_id=3168 | reason=extreme vehicle_count outlier (>= 5000)
2026-08-15 17:58:38,114 | WARNING | QUARANTINE | record_id=3171 | reason=NULL or blank camera_node_id
2026-08-15 17:58:38,119 | WARNING | QUARANTINE | record_id=3179 | reason=NULL or blank camera_node_id
2026-08-15 17:58:38,140 | WARNING | QUARANTINE | record_id=3214 | reason=NULL or blank camera_node_id
2026-08-15 17:58:38,151 | WARNING | QUARANTINE | record_id=3234 | reason=NULL or blank camera_node_id
2026-08-15 17:58:38,157 | WARNING | QUARANTINE | record_id=3244 | reason=extreme vehicle_count outlier (>= 5000)
2026-08-15 17:58:38,159 | WARNING | QUARANTINE | record_id=3248 | reason=extreme vehicle_count outlier (>= 5000)
2026-08-15 17:58:38,165 | WARNING | QUARANTINE | record_id=3259 | reason=NULL or blank camera_node_id
2026-08-15 17:58:38,166 | WARNING | QUARANTINE | record_id=3261 | reason=negative vehicle_count
2026-08-15 17:58:38,173 | WARNING | QUARANTINE | record_id=3274 | reason=negative vehicle_count
2026-08-15 17:58:38,175 | WARNING | QUARANTINE | record_id=3278 | reason=NULL or blank camera_node_id
2026-08-15 17:58:38,177 | WARNING | QUARANTINE | record_id=3282 | reason=NULL or blank camera_node_id
2026-08-15 17:58:38,178 | WARNING | QUARANTINE | record_id=3286 | reason=NULL or blank camera_node_id
2026-08-15 17:58:38,183 | WARNING | QUARANTINE | record_id=3294 | reason=negative vehicle_count
2026-08-15 17:58:38,188 | WARNING | QUARANTINE | record_id=3303 | reason=extreme vehicle_count outlier (>= 5000)
2026-08-15 17:58:38,190 | WARNING | QUARANTINE | record_id=3307 | reason=extreme vehicle_count outlier (>= 5000)
2026-08-15 17:58:38,190 | WARNING | QUARANTINE | record_id=3308 | reason=negative vehicle_count
2026-08-15 17:58:38,208 | WARNING | QUARANTINE | record_id=3338 | reason=negative vehicle_count
2026-08-15 17:58:38,210 | WARNING | QUARANTINE | record_id=3342 | reason=NULL or blank camera_node_id
2026-08-15 17:58:38,218 | WARNING | QUARANTINE | record_id=3355 | reason=NULL or blank camera_node_id
2026-08-15 17:58:38,220 | WARNING | QUARANTINE | record_id=3360 | reason=extreme vehicle_count outlier (>= 5000)
2026-08-15 17:58:38,224 | WARNING | QUARANTINE | record_id=3368 | reason=NULL or blank camera_node_id
2026-08-15 17:58:38,229 | WARNING | QUARANTINE | record_id=3376 | reason=extreme vehicle_count outlier (>= 5000)
2026-08-15 17:58:38,232 | WARNING | QUARANTINE | record_id=3383 | reason=negative vehicle_count
2026-08-15 17:58:38,244 | WARNING | QUARANTINE | record_id=3403 | reason=NULL or blank camera_node_id
2026-08-15 17:58:38,245 | WARNING | QUARANTINE | record_id=3406 | reason=extreme vehicle_count outlier (>= 5000)
2026-08-15 17:58:38,246 | WARNING | QUARANTINE | record_id=3409 | reason=NULL or blank camera_node_id
2026-08-15 17:58:38,248 | WARNING | QUARANTINE | record_id=3413 | reason=NULL or blank camera_node_id
2026-08-15 17:58:38,250 | WARNING | QUARANTINE | record_id=3416 | reason=NULL or blank camera_node_id
2026-08-15 17:58:38,256 | WARNING | QUARANTINE | record_id=3428 | reason=negative vehicle_count
2026-08-15 17:58:38,259 | WARNING | QUARANTINE | record_id=3434 | reason=NULL or blank camera_node_id
2026-08-15 17:58:38,259 | WARNING | QUARANTINE | record_id=3435 | reason=negative vehicle_count
2026-08-15 17:58:38,267 | WARNING | QUARANTINE | record_id=3448 | reason=extreme vehicle_count outlier (>= 5000)
2026-08-15 17:58:38,267 | WARNING | QUARANTINE | record_id=3450 | reason=negative vehicle_count
2026-08-15 17:58:38,272 | WARNING | QUARANTINE | record_id=3459 | reason=NULL or blank camera_node_id
2026-08-15 17:58:38,276 | WARNING | QUARANTINE | record_id=3465 | reason=NULL or blank camera_node_id
2026-08-15 17:58:38,282 | WARNING | QUARANTINE | record_id=3469 | reason=NULL or blank camera_node_id
2026-08-15 17:58:38,288 | WARNING | QUARANTINE | record_id=3473 | reason=NULL or blank camera_node_id
2026-08-15 17:58:38,299 | WARNING | QUARANTINE | record_id=3480 | reason=NULL or blank camera_node_id
2026-08-15 17:58:38,307 | WARNING | QUARANTINE | record_id=3486 | reason=NULL or blank camera_node_id
2026-08-15 17:58:38,317 | WARNING | QUARANTINE | record_id=3493 | reason=NULL or blank camera_node_id
2026-08-15 17:58:38,320 | WARNING | QUARANTINE | record_id=3496 | reason=negative vehicle_count
2026-08-15 17:58:38,331 | WARNING | QUARANTINE | record_id=3504 | reason=negative vehicle_count
2026-08-15 17:58:38,341 | WARNING | QUARANTINE | record_id=3510 | reason=negative vehicle_count
2026-08-15 17:58:38,381 | WARNING | QUARANTINE | record_id=3548 | reason=NULL or blank camera_node_id
2026-08-15 17:58:38,386 | WARNING | QUARANTINE | record_id=3557 | reason=NULL or blank camera_node_id
2026-08-15 17:58:38,389 | WARNING | QUARANTINE | record_id=3562 | reason=NULL or blank camera_node_id
2026-08-15 17:58:38,418 | WARNING | QUARANTINE | record_id=3607 | reason=NULL or blank camera_node_id
2026-08-15 17:58:38,427 | WARNING | QUARANTINE | record_id=3622 | reason=extreme vehicle_count outlier (>= 5000)
2026-08-15 17:58:38,432 | WARNING | QUARANTINE | record_id=3631 | reason=NULL or blank camera_node_id
2026-08-15 17:58:38,434 | WARNING | QUARANTINE | record_id=3636 | reason=negative vehicle_count
2026-08-15 17:58:38,438 | WARNING | QUARANTINE | record_id=3643 | reason=negative vehicle_count
2026-08-15 17:58:38,441 | WARNING | QUARANTINE | record_id=3650 | reason=NULL or blank camera_node_id
2026-08-15 17:58:38,443 | WARNING | QUARANTINE | record_id=3653 | reason=NULL or blank camera_node_id
2026-08-15 17:58:38,451 | WARNING | QUARANTINE | record_id=3668 | reason=NULL or blank camera_node_id
2026-08-15 17:58:38,456 | WARNING | QUARANTINE | record_id=3677 | reason=NULL or blank camera_node_id
2026-08-15 17:58:38,463 | WARNING | QUARANTINE | record_id=3690 | reason=NULL or blank camera_node_id
2026-08-15 17:58:38,465 | WARNING | QUARANTINE | record_id=3694 | reason=negative vehicle_count
2026-08-15 17:58:38,467 | WARNING | QUARANTINE | record_id=3698 | reason=NULL or blank camera_node_id
2026-08-15 17:58:38,495 | WARNING | QUARANTINE | record_id=3739 | reason=negative vehicle_count
2026-08-15 17:58:38,501 | WARNING | QUARANTINE | record_id=3749 | reason=negative vehicle_count
2026-08-15 17:58:38,504 | WARNING | QUARANTINE | record_id=3754 | reason=extreme vehicle_count outlier (>= 5000)
2026-08-15 17:58:38,511 | WARNING | QUARANTINE | record_id=3766 | reason=negative vehicle_count
2026-08-15 17:58:38,512 | WARNING | QUARANTINE | record_id=3768 | reason=negative vehicle_count
2026-08-15 17:58:38,519 | WARNING | QUARANTINE | record_id=3780 | reason=NULL or blank camera_node_id
2026-08-15 17:58:38,525 | WARNING | QUARANTINE | record_id=3790 | reason=extreme vehicle_count outlier (>= 5000)
2026-08-15 17:58:38,529 | WARNING | QUARANTINE | record_id=3797 | reason=extreme vehicle_count outlier (>= 5000)
2026-08-15 17:58:38,537 | WARNING | QUARANTINE | record_id=3810 | reason=negative vehicle_count
2026-08-15 17:58:38,545 | WARNING | QUARANTINE | record_id=3824 | reason=NULL or blank camera_node_id
2026-08-15 17:58:38,553 | WARNING | QUARANTINE | record_id=3840 | reason=extreme vehicle_count outlier (>= 5000)
2026-08-15 17:58:38,563 | WARNING | QUARANTINE | record_id=3857 | reason=extreme vehicle_count outlier (>= 5000)
2026-08-15 17:58:38,563 | WARNING | QUARANTINE | record_id=3858 | reason=NULL or blank camera_node_id
2026-08-15 17:58:38,564 | WARNING | QUARANTINE | record_id=3860 | reason=negative vehicle_count
2026-08-15 17:58:38,564 | WARNING | QUARANTINE | record_id=3862 | reason=NULL or blank camera_node_id
2026-08-15 17:58:38,571 | WARNING | QUARANTINE | record_id=3874 | reason=NULL or blank camera_node_id
2026-08-15 17:58:38,571 | WARNING | QUARANTINE | record_id=3875 | reason=NULL or blank camera_node_id
2026-08-15 17:58:38,573 | WARNING | QUARANTINE | record_id=3879 | reason=negative vehicle_count
2026-08-15 17:58:38,574 | WARNING | QUARANTINE | record_id=3882 | reason=NULL or blank camera_node_id
2026-08-15 17:58:38,581 | WARNING | QUARANTINE | record_id=3895 | reason=NULL or blank camera_node_id
2026-08-15 17:58:38,634 | WARNING | QUARANTINE | record_id=3934 | reason=negative vehicle_count
2026-08-15 17:58:38,639 | WARNING | QUARANTINE | record_id=3938 | reason=negative vehicle_count
2026-08-15 17:58:38,650 | WARNING | QUARANTINE | record_id=3945 | reason=NULL or blank camera_node_id
2026-08-15 17:58:38,660 | WARNING | QUARANTINE | record_id=3952 | reason=NULL or blank camera_node_id
2026-08-15 17:58:38,669 | WARNING | QUARANTINE | record_id=3961 | reason=NULL or blank camera_node_id
2026-08-15 17:58:38,673 | WARNING | QUARANTINE | record_id=3968 | reason=NULL or blank camera_node_id
2026-08-15 17:58:38,674 | WARNING | QUARANTINE | record_id=3969 | reason=NULL or blank camera_node_id
2026-08-15 17:58:38,686 | WARNING | QUARANTINE | record_id=3986 | reason=NULL or blank camera_node_id
2026-08-15 17:58:38,689 | WARNING | QUARANTINE | record_id=3992 | reason=NULL or blank camera_node_id
2026-08-15 17:58:38,706 | INFO | VALIDATION | valid_rows=3600 | quarantined_rows=400
2026-08-15 17:58:38,729 | INFO | QUARANTINE_WRITE | path=D:\UPHD\4TH YR\1st sem\mini_project\AngDelaPena_prelim_project\quarantine\null_sensor_nodes.csv | rows=400
2026-08-15 17:58:39,166 | INFO | PARQUET_WRITE | path=D:\UPHD\4TH YR\1st sem\mini_project\AngDelaPena_prelim_project\data\analytics\hourly_grid_throughput.parquet | rows=3600 | compression=snappy | partitions=intersection_zone/year/month
2026-08-15 18:02:33,253 | INFO | PIPELINE_START
2026-08-15 18:02:33,368 | INFO | EXTRACT | rows=4000 | source_sha256=26e87762f0c481e1fef90f5a2fb8db7bb28987e25e9b54c749763dfa919d5069
2026-08-15 18:02:33,497 | WARNING | QUARANTINE_SUMMARY | reason=NULL or blank camera_node_id | rows=200
2026-08-15 18:02:33,497 | WARNING | QUARANTINE_SUMMARY | reason=negative vehicle_count | rows=120
2026-08-15 18:02:33,497 | WARNING | QUARANTINE_SUMMARY | reason=extreme vehicle_count outlier (>= 5000) | rows=80
2026-08-15 18:02:33,497 | INFO | VALIDATION | valid_rows=3600 | quarantined_rows=400
2026-08-15 18:02:33,507 | INFO | QUARANTINE_WRITE | path=D:\UPHD\4TH YR\1st sem\mini_project\AngDelaPena_prelim_project\quarantine\null_sensor_nodes.csv | rows=400
2026-08-15 18:02:35,381 | INFO | PARQUET_WRITE | path=D:\UPHD\4TH YR\1st sem\mini_project\AngDelaPena_prelim_project\data\analytics\hourly_grid_throughput.parquet | rows=3600 | compression=snappy | partitions=intersection_zone/year/month
2026-08-15 18:02:35,382 | INFO | PIPELINE_SUCCESS | source_rows=4000 | clean_rows=3600 | quarantined_rows=400 | output_rows=3600 | elapsed_seconds=2.1289
2026-08-15 18:06:34,986 | INFO | PIPELINE_START
2026-08-15 18:06:35,015 | INFO | EXTRACT | rows=4000 | source_sha256=26e87762f0c481e1fef90f5a2fb8db7bb28987e25e9b54c749763dfa919d5069
2026-08-15 18:06:35,071 | WARNING | QUARANTINE_SUMMARY | reason=NULL or blank camera_node_id | rows=200
2026-08-15 18:06:35,071 | WARNING | QUARANTINE_SUMMARY | reason=negative vehicle_count | rows=120
2026-08-15 18:06:35,071 | WARNING | QUARANTINE_SUMMARY | reason=extreme vehicle_count outlier (>= 5000) | rows=80
2026-08-15 18:06:35,072 | INFO | VALIDATION | valid_rows=3600 | quarantined_rows=400
2026-08-15 18:06:35,083 | INFO | QUARANTINE_WRITE | path=D:\UPHD\4TH YR\1st sem\mini_project\AngDelaPena_prelim_project\quarantine\null_sensor_nodes.csv | rows=400
2026-08-15 18:06:35,469 | INFO | PARQUET_WRITE | path=D:\UPHD\4TH YR\1st sem\mini_project\AngDelaPena_prelim_project\data\analytics\hourly_grid_throughput.parquet | rows=3600 | compression=snappy | partitions=intersection_zone/year/month
2026-08-15 18:06:35,469 | INFO | PIPELINE_SUCCESS | source_rows=4000 | clean_rows=3600 | quarantined_rows=400 | output_rows=3600 | elapsed_seconds=0.4830
2026-08-15 18:29:13,089 | INFO | PIPELINE_START
2026-08-15 18:29:13,111 | INFO | EXTRACT | rows=4000 | source_sha256=26e87762f0c481e1fef90f5a2fb8db7bb28987e25e9b54c749763dfa919d5069
2026-08-15 18:29:13,152 | WARNING | QUARANTINE_SUMMARY | reason=NULL or blank camera_node_id | rows=200
2026-08-15 18:29:13,152 | WARNING | QUARANTINE_SUMMARY | reason=negative vehicle_count | rows=120
2026-08-15 18:29:13,152 | WARNING | QUARANTINE_SUMMARY | reason=extreme vehicle_count outlier (>= 5000) | rows=80
2026-08-15 18:29:13,152 | INFO | VALIDATION | valid_rows=3600 | quarantined_rows=400
2026-08-15 18:29:13,162 | INFO | QUARANTINE_WRITE | path=D:\UPHD\4TH YR\1st sem\mini_project\AngDelaPena_prelim_project\quarantine\null_sensor_nodes.csv | rows=400
2026-08-15 18:29:13,541 | INFO | PARQUET_WRITE | path=D:\UPHD\4TH YR\1st sem\mini_project\AngDelaPena_prelim_project\data\analytics\hourly_grid_throughput.parquet | rows=3600 | compression=snappy | partitions=intersection_zone/year/month
2026-08-15 18:29:13,541 | INFO | PIPELINE_SUCCESS | source_rows=4000 | clean_rows=3600 | quarantined_rows=400 | output_rows=3600 | elapsed_seconds=0.4523
